fips,pop2008,pop2017,pop2019,pop2023,rucc,metro
01001,53277.0,55390.0,55869.0,60342.0,2.0,1.0
01003,175827.0,212521.0,223234.0,253507.0,3.0,1.0
01005,27808.0,25157.0,24686.0,24585.0,6.0,0.0
01007,22705.0,22550.0,22394.0,21868.0,1.0,1.0
01009,57055.0,57787.0,57826.0,59816.0,1.0,1.0
01011,10953.0,10176.0,10101.0,9897.0,6.0,0.0
01013,20949.0,19888.0,19448.0,18382.0,6.0,0.0
01015,117274.0,114710.0,113605.0,116429.0,3.0,1.0
01017,34563.0,33707.0,33254.0,34079.0,6.0,0.0
01019,25636.0,25805.0,26196.0,25666.0,6.0,0.0
01021,43239.0,44120.0,44428.0,46431.0,1.0,1.0
01023,14114.0,12925.0,12589.0,12252.0,9.0,0.0
01025,26283.0,24063.0,23622.0,22337.0,7.0,0.0
01027,14161.0,13350.0,13235.0,14111.0,9.0,0.0
01029,14874.0,14899.0,14910.0,15639.0,8.0,0.0
01031,48516.0,51853.0,52342.0,55643.0,4.0,0.0
01033,54473.0,54695.0,55241.0,58361.0,3.0,1.0
01035,13388.0,12431.0,12067.0,11174.0,7.0,0.0
01037,11493.0,10724.0,10663.0,10268.0,8.0,0.0
01039,37545.0,37062.0,37049.0,37952.0,6.0,0.0
01041,13922.0,13858.0,13772.0,13101.0,8.0,0.0
01043,80273.0,82867.0,83768.0,92016.0,4.0,0.0
01045,49871.0,49342.0,49172.0,49871.0,4.0,0.0
01047,44265.0,39238.0,37196.0,36165.0,4.0,0.0
01049,70228.0,71437.0,71513.0,72569.0,6.0,0.0
01051,77698.0,81422.0,81209.0,90441.0,2.0,1.0
01053,37929.0,36993.0,36633.0,36558.0,6.0,0.0
01055,104206.0,103007.0,102268.0,103241.0,3.0,1.0
01057,17541.0,16466.0,16302.0,15967.0,6.0,0.0
01059,31459.0,31542.0,31362.0,31802.0,6.0,0.0
01061,26646.0,26385.0,26271.0,26988.0,3.0,1.0
01063,9359.0,8310.0,8111.0,7341.0,8.0,0.0
01065,16260.0,14801.0,14651.0,14888.0,3.0,1.0
01067,17129.0,17115.0,17205.0,17899.0,3.0,1.0
01069,99183.0,104378.0,105882.0,108462.0,3.0,1.0
01071,53525.0,51828.0,51626.0,53467.0,6.0,0.0
01073,656510.0,659599.0,658573.0,662895.0,1.0,1.0
01075,14799.0,13882.0,13805.0,13661.0,8.0,0.0
01077,92202.0,92564.0,92729.0,96814.0,3.0,1.0
01079,34196.0,33063.0,32924.0,33502.0,3.0,1.0
01081,134524.0,161440.0,164542.0,183215.0,3.0,1.0
01083,78835.0,94130.0,98915.0,114654.0,2.0,1.0
01085,11813.0,10097.0,9726.0,9717.0,2.0,1.0
01087,21597.0,18793.0,18068.0,18370.0,6.0,0.0
01089,323526.0,361762.0,372909.0,412600.0,2.0,1.0
01091,21331.0,19396.0,18863.0,18684.0,7.0,0.0
01093,30918.0,29792.0,29709.0,29244.0,7.0,0.0
01095,91072.0,95572.0,96774.0,100756.0,4.0,0.0
01097,409196.0,414045.0,413210.0,411640.0,2.0,1.0
01099,23393.0,21290.0,20733.0,19229.0,7.0,0.0
01101,227461.0,227265.0,226486.0,224980.0,2.0,1.0
01103,117694.0,118918.0,119679.0,125133.0,3.0,1.0
01105,10722.0,9302.0,8923.0,7738.0,8.0,0.0
01107,19951.0,20204.0,19930.0,18688.0,3.0,1.0
01109,32149.0,33349.0,33114.0,33137.0,6.0,0.0
01111,22946.0,22687.0,22722.0,22786.0,6.0,0.0
01113,51434.0,56985.0,57961.0,58744.0,2.0,1.0
01115,81223.0,87926.0,89512.0,95552.0,1.0,1.0
01117,188534.0,213633.0,217702.0,233000.0,1.0,1.0
01119,13882.0,12749.0,12427.0,11727.0,8.0,0.0
01121,82735.0,80142.0,79978.0,81132.0,4.0,0.0
01123,41668.0,40613.0,40367.0,40677.0,6.0,0.0
01125,188093.0,207618.0,209355.0,237373.0,3.0,1.0
01127,67835.0,63895.0,63521.0,64728.0,1.0,1.0
01129,17496.0,16522.0,16326.0,15022.0,8.0,0.0
01131,12148.0,10691.0,10373.0,9944.0,9.0,0.0
01133,24696.0,23760.0,23629.0,23611.0,6.0,0.0
02013,2991.0,3455.0,3337.0,3461.0,9.0,0.0
02016,5393.0,5729.0,5634.0,5160.0,9.0,0.0
02020,281554.0,294338.0,288000.0,286075.0,2.0,1.0
02050,16762.0,18090.0,18386.0,18224.0,7.0,0.0
02060,1040.0,869.0,836.0,844.0,9.0,0.0
02063,,,,6769.0,,
02066,,,,2674.0,,
02068,1803.0,2084.0,2097.0,1584.0,8.0,0.0
02070,4769.0,4940.0,4916.0,4607.0,9.0,0.0
02090,94552.0,99675.0,96849.0,94840.0,3.0,1.0
02100,2404.0,2524.0,2530.0,2070.0,9.0,0.0
02105,2225.0,2139.0,2148.0,2262.0,9.0,0.0
02110,31110.0,32098.0,31974.0,31555.0,5.0,0.0
02122,53655.0,58558.0,58708.0,61223.0,7.0,0.0
02130,13326.0,13834.0,13901.0,13738.0,7.0,0.0
02150,13262.0,13512.0,12998.0,12565.0,7.0,0.0
02158,,8236.0,8314.0,8001.0,,
02164,1606.0,1612.0,1592.0,1331.0,9.0,0.0
02170,84079.0,106232.0,108317.0,115239.0,2.0,1.0
02180,9231.0,10025.0,10004.0,9763.0,7.0,0.0
02185,8841.0,9795.0,9832.0,10603.0,7.0,0.0
02188,7466.0,7795.0,7621.0,7361.0,7.0,0.0
02195,3817.0,3264.0,3266.0,3427.0,9.0,0.0
02198,5448.0,6444.0,6203.0,5696.0,9.0,0.0
02220,8835.0,8641.0,8493.0,8282.0,7.0,0.0
02230,967.0,1167.0,1183.0,1095.0,9.0,0.0
02240,6904.0,6892.0,6893.0,7077.0,9.0,0.0
02261,9458.0,9220.0,9202.0,,9.0,0.0
02270,7392.0,,,,9.0,0.0
02275,2353.0,2521.0,2502.0,2064.0,9.0,0.0
02282,627.0,602.0,579.0,687.0,9.0,0.0
02290,5585.0,5409.0,5230.0,5129.0,9.0,0.0
04001,69883.0,71545.0,71887.0,65036.0,6.0,0.0
04003,129023.0,124864.0,125922.0,124640.0,3.0,1.0
04005,131853.0,141001.0,143476.0,144472.0,3.0,1.0
04007,53437.0,53578.0,54018.0,54003.0,4.0,0.0
04009,36639.0,37481.0,38837.0,39525.0,7.0,0.0
04011,8561.0,9443.0,9498.0,9369.0,7.0,0.0
04012,20555.0,20706.0,21108.0,16710.0,6.0,0.0
04013,3771061.0,4327184.0,4485414.0,4585871.0,1.0,1.0
04015,200078.0,207017.0,212181.0,223682.0,3.0,1.0
04017,107626.0,109079.0,110924.0,109175.0,4.0,0.0
04019,967778.0,1026391.0,1047279.0,1063162.0,2.0,1.0
04021,335311.0,431564.0,462789.0,484239.0,1.0,1.0
04023,46144.0,46566.0,46498.0,49158.0,4.0,0.0
04025,211211.0,228082.0,235099.0,249081.0,3.0,1.0
04027,191202.0,209507.0,213787.0,213221.0,3.0,1.0
05001,19275.0,17872.0,17486.0,16307.0,6.0,0.0
05003,22148.0,20311.0,19657.0,18262.0,7.0,0.0
05005,41519.0,41308.0,41932.0,42875.0,7.0,0.0
05007,210807.0,266585.0,279141.0,311013.0,2.0,1.0
05009,36974.0,37459.0,37432.0,38530.0,7.0,0.0
05011,11643.0,10813.0,10763.0,10104.0,7.0,0.0
05013,5528.0,5201.0,5189.0,4641.0,9.0,0.0
05015,26822.0,27865.0,28380.0,28814.0,6.0,0.0
05017,12050.0,10647.0,10118.0,9538.0,7.0,0.0
05019,23272.0,22184.0,22320.0,21274.0,7.0,0.0
05021,16209.0,14865.0,14551.0,14201.0,7.0,0.0
05023,25623.0,25059.0,24919.0,25445.0,6.0,0.0
05025,8775.0,8162.0,7956.0,7378.0,3.0,1.0
05027,24666.0,23695.0,23457.0,22150.0,7.0,0.0
05029,21025.0,20810.0,20846.0,21077.0,6.0,0.0
05031,93316.0,107188.0,110332.0,113993.0,3.0,1.0
05033,60933.0,62894.0,63257.0,61891.0,2.0,1.0
05035,50699.0,48716.0,47955.0,47139.0,1.0,1.0
05037,18200.0,16792.0,16419.0,16420.0,6.0,0.0
05039,8282.0,7307.0,7009.0,6185.0,6.0,0.0
05041,13273.0,11743.0,11361.0,10479.0,6.0,0.0
05043,18481.0,18370.0,18219.0,16945.0,6.0,0.0
05045,108477.0,123530.0,126007.0,129951.0,2.0,1.0
05047,18229.0,17809.0,17715.0,17468.0,6.0,0.0
05049,12382.0,12131.0,12477.0,12421.0,9.0,0.0
05051,95636.0,98327.0,99386.0,99784.0,3.0,1.0
05053,17718.0,18103.0,18265.0,18383.0,2.0,1.0
05055,41286.0,44993.0,45325.0,46743.0,4.0,0.0
05057,22624.0,21876.0,21532.0,19343.0,6.0,0.0
05059,32737.0,33606.0,33771.0,33258.0,6.0,0.0
05061,13804.0,13365.0,13202.0,12533.0,6.0,0.0
05063,35859.0,37391.0,37825.0,38320.0,7.0,0.0
05065,13681.0,13666.0,13629.0,14169.0,9.0,0.0
05067,17966.0,17017.0,16719.0,16784.0,6.0,0.0
05069,78354.0,69238.0,66824.0,63661.0,3.0,1.0
05071,25236.0,26401.0,26578.0,26129.0,7.0,0.0
05073,7806.0,6797.0,6624.0,6095.0,8.0,0.0
05075,17460.0,16571.0,16406.0,16318.0,6.0,0.0
05077,10786.0,9127.0,8857.0,8201.0,7.0,0.0
05079,14176.0,13475.0,13024.0,12898.0,3.0,1.0
05081,13099.0,12373.0,12259.0,11805.0,3.0,1.0
05083,22699.0,21739.0,21466.0,21400.0,6.0,0.0
05085,66086.0,72778.0,73309.0,75944.0,2.0,1.0
05087,15619.0,16299.0,16576.0,17775.0,2.0,1.0
05089,16996.0,16429.0,16694.0,17514.0,9.0,0.0
05091,43047.0,43736.0,43257.0,42415.0,3.0,1.0
05093,47037.0,42112.0,40651.0,38663.0,4.0,0.0
05095,8456.0,7013.0,6701.0,6512.0,7.0,0.0
05097,9573.0,8890.0,8986.0,8620.0,8.0,0.0
05099,9062.0,8309.0,8252.0,8120.0,7.0,0.0
05101,8423.0,7815.0,7753.0,7071.0,9.0,0.0
05103,26202.0,23817.0,23382.0,21793.0,7.0,0.0
05105,10441.0,10346.0,10455.0,10184.0,2.0,1.0
05107,22411.0,18599.0,17782.0,14961.0,6.0,0.0
05109,11283.0,10735.0,10718.0,10208.0,9.0,0.0
05111,24599.0,24071.0,23528.0,22397.0,3.0,1.0
05113,20388.0,20147.0,19964.0,19436.0,7.0,0.0
05115,60528.0,63634.0,64072.0,64593.0,5.0,0.0
05117,8806.0,8248.0,8062.0,8036.0,8.0,0.0
05119,376567.0,393280.0,391911.0,400009.0,2.0,1.0
05121,18072.0,17665.0,17958.0,18907.0,7.0,0.0
05123,28110.0,25997.0,24994.0,22101.0,6.0,0.0
05125,102599.0,119520.0,122437.0,129574.0,2.0,1.0
05127,11227.0,10369.0,10281.0,9851.0,6.0,0.0
05129,8274.0,7927.0,7881.0,7806.0,9.0,0.0
05131,123762.0,127786.0,127827.0,129098.0,2.0,1.0
05133,16606.0,17103.0,17007.0,15632.0,6.0,0.0
05135,17416.0,17147.0,17442.0,17968.0,7.0,0.0
05137,12370.0,12520.0,12506.0,12671.0,9.0,0.0
05139,42222.0,39460.0,38682.0,37397.0,7.0,0.0
05141,17373.0,16552.0,16545.0,16142.0,8.0,0.0
05143,197223.0,232732.0,239187.0,261549.0,2.0,1.0
05145,74848.0,78844.0,78753.0,78452.0,4.0,0.0
05147,7458.0,6575.0,6320.0,5964.0,9.0,0.0
05149,21935.0,21509.0,21341.0,20044.0,6.0,0.0
06001,1477208.0,1660196.0,1671329.0,1622188.0,1.0,1.0
06003,1202.0,1111.0,1129.0,1141.0,8.0,0.0
06005,38248.0,38529.0,39752.0,41811.0,6.0,0.0
06007,219034.0,228696.0,219186.0,207172.0,3.0,1.0
06009,46265.0,45681.0,45905.0,46565.0,6.0,0.0
06011,21134.0,21579.0,21547.0,22037.0,6.0,0.0
06013,1023344.0,1145535.0,1153526.0,1155025.0,1.0,1.0
06015,28496.0,27351.0,27812.0,26589.0,7.0,0.0
06017,179150.0,188679.0,192843.0,192215.0,1.0,1.0
06019,909630.0,985238.0,999101.0,1017162.0,2.0,1.0
06021,28019.0,27926.0,28393.0,28129.0,6.0,0.0
06023,132657.0,136507.0,135558.0,133985.0,5.0,0.0
06025,167917.0,181649.0,181215.0,179057.0,3.0,1.0
06027,18318.0,17868.0,18039.0,18527.0,7.0,0.0
06029,818327.0,887356.0,900202.0,913820.0,2.0,1.0
06031,152027.0,149665.0,152940.0,152682.0,3.0,1.0
06033,64392.0,64111.0,64386.0,67878.0,4.0,0.0
06035,35221.0,30920.0,30573.0,28861.0,7.0,0.0
06037,9735147.0,10103711.0,10039107.0,9663345.0,1.0,1.0
06039,148359.0,155423.0,157327.0,162858.0,3.0,1.0
06041,248398.0,259749.0,258826.0,254407.0,1.0,1.0
06043,18412.0,17414.0,17203.0,16919.0,8.0,0.0
06045,87468.0,87576.0,86749.0,89108.0,4.0,0.0
06047,250538.0,271096.0,277680.0,291920.0,2.0,1.0
06049,9551.0,8876.0,8841.0,8500.0,6.0,0.0
06051,13862.0,14354.0,14444.0,13066.0,7.0,0.0
06053,406022.0,434534.0,434061.0,430723.0,2.0,1.0
06055,134093.0,139878.0,137744.0,133216.0,3.0,1.0
06057,98200.0,99367.0,99755.0,102037.0,4.0,0.0
06059,2957593.0,3174289.0,3175692.0,3135755.0,1.0,1.0
06061,337568.0,385115.0,398329.0,423561.0,1.0,1.0
06063,20410.0,18660.0,18807.0,19131.0,7.0,0.0
06065,2109712.0,2414964.0,2470546.0,2492442.0,1.0,1.0
06067,1394438.0,1527301.0,1552058.0,1584288.0,1.0,1.0
06069,54267.0,60164.0,62808.0,68175.0,1.0,1.0
06071,2003735.0,2150945.0,2180085.0,2195611.0,1.0,1.0
06073,3022116.0,3321237.0,3338330.0,3269973.0,1.0,1.0
06075,791152.0,878040.0,881549.0,808988.0,1.0,1.0
06077,671692.0,743296.0,762148.0,800965.0,2.0,1.0
06079,266358.0,282481.0,283111.0,281639.0,2.0,1.0
06081,703830.0,768901.0,766573.0,726353.0,1.0,1.0
06083,415859.0,445298.0,446499.0,441257.0,2.0,1.0
06085,1740964.0,1932510.0,1927852.0,1877592.0,1.0,1.0
06087,256520.0,274856.0,273213.0,261547.0,2.0,1.0
06089,177247.0,179384.0,180080.0,180366.0,3.0,1.0
06091,3320.0,3002.0,3005.0,3200.0,8.0,0.0
06093,44780.0,43622.0,43539.0,42905.0,6.0,0.0
06095,408972.0,443511.0,447643.0,449218.0,2.0,1.0
06097,473091.0,502469.0,494336.0,481812.0,2.0,1.0
06099,509032.0,544717.0,550660.0,551430.0,2.0,1.0
06101,93855.0,96204.0,96971.0,97948.0,3.0,1.0
06103,62648.0,63847.0,65084.0,64896.0,4.0,0.0
06105,13656.0,12726.0,12285.0,15670.0,8.0,0.0
06107,429283.0,462308.0,466195.0,479468.0,2.0,1.0
06109,56320.0,53976.0,54478.0,54204.0,4.0,0.0
06111,806353.0,849044.0,846006.0,829590.0,2.0,1.0
06113,197154.0,218477.0,220500.0,220544.0,1.0,1.0
06115,71773.0,76578.0,78668.0,85722.0,3.0,1.0
08001,424913.0,503590.0,517421.0,533365.0,1.0,1.0
08003,15300.0,16108.0,16233.0,16655.0,7.0,0.0
08005,552461.0,644478.0,656590.0,656061.0,1.0,1.0
08007,12250.0,13295.0,14029.0,14189.0,7.0,0.0
08009,3806.0,3554.0,3581.0,3344.0,9.0,0.0
08011,5962.0,5827.0,5577.0,5681.0,7.0,0.0
08013,290859.0,322441.0,326196.0,326831.0,2.0,1.0
08014,53181.0,68263.0,70465.0,76860.0,1.0,1.0
08015,17573.0,19666.0,20356.0,20617.0,7.0,0.0
08017,1881.0,1853.0,1831.0,1727.0,9.0,0.0
08019,9138.0,9574.0,9700.0,9147.0,1.0,1.0
08021,8200.0,8139.0,8205.0,7521.0,9.0,0.0
08023,3532.0,3756.0,3887.0,3628.0,9.0,0.0
08025,5947.0,5840.0,6061.0,5636.0,8.0,0.0
08027,4107.0,4857.0,5068.0,5534.0,8.0,0.0
08029,30712.0,30519.0,31162.0,31746.0,6.0,0.0
08031,575721.0,704961.0,727211.0,716577.0,1.0,1.0
08033,2061.0,2045.0,2055.0,2513.0,9.0,0.0
08035,275500.0,335816.0,351154.0,383906.0,1.0,1.0
08037,51049.0,54929.0,55127.0,54381.0,5.0,0.0
08039,22634.0,25765.0,26729.0,28806.0,1.0,1.0
08041,597919.0,700099.0,720403.0,744215.0,2.0,1.0
08043,47166.0,47548.0,47839.0,50318.0,4.0,0.0
08045,55449.0,59032.0,60061.0,62707.0,5.0,0.0
08047,5026.0,6018.0,6243.0,5926.0,1.0,1.0
08049,14622.0,15364.0,15734.0,15935.0,7.0,0.0
08051,15250.0,16863.0,17462.0,17321.0,7.0,0.0
08053,818.0,791.0,820.0,765.0,9.0,0.0
08055,7073.0,6628.0,6897.0,7055.0,6.0,0.0
08057,1378.0,1375.0,1392.0,1309.0,9.0,0.0
08059,529003.0,575417.0,582881.0,576366.0,1.0,1.0
08061,1392.0,1365.0,1406.0,1384.0,9.0,0.0
08063,8157.0,7137.0,7097.0,6994.0,7.0,0.0
08065,7450.0,7750.0,8127.0,7365.0,6.0,0.0
08067,50291.0,55563.0,56221.0,56407.0,4.0,0.0
08069,291650.0,344084.0,356899.0,370771.0,2.0,1.0
08071,15770.0,14201.0,14506.0,14348.0,7.0,0.0
08073,5468.0,5523.0,5701.0,5480.0,8.0,0.0
08075,22128.0,22317.0,22409.0,20619.0,7.0,0.0
08077,143155.0,151170.0,154210.0,159681.0,3.0,1.0
08079,774.0,753.0,769.0,944.0,9.0,0.0
08081,13585.0,13088.0,13283.0,13327.0,7.0,0.0
08083,25222.0,26112.0,26183.0,26531.0,6.0,0.0
08085,40658.0,41753.0,42758.0,44156.0,4.0,0.0
08087,27701.0,28295.0,29068.0,29524.0,6.0,0.0
08089,18726.0,18345.0,18278.0,18136.0,6.0,0.0
08091,4405.0,4813.0,4952.0,5176.0,9.0,0.0
08093,16394.0,17894.0,18845.0,18117.0,1.0,1.0
08095,4349.0,4288.0,4265.0,4476.0,9.0,0.0
08097,16454.0,17973.0,17767.0,16640.0,7.0,0.0
08099,12663.0,11998.0,12172.0,11751.0,7.0,0.0
08101,156748.0,166283.0,168424.0,169422.0,3.0,1.0
08103,6522.0,6352.0,6324.0,6569.0,9.0,0.0
08105,11860.0,11297.0,11267.0,11188.0,7.0,0.0
08107,23135.0,25171.0,25638.0,25064.0,7.0,0.0
08109,6179.0,6633.0,6824.0,6688.0,9.0,0.0
08111,670.0,712.0,728.0,802.0,9.0,0.0
08113,7366.0,8034.0,8179.0,7868.0,9.0,0.0
08115,2421.0,2311.0,2248.0,2299.0,9.0,0.0
08117,27144.0,30820.0,31011.0,30465.0,5.0,0.0
08119,22725.0,24674.0,25388.0,24617.0,2.0,1.0
08121,4792.0,4921.0,4908.0,4855.0,9.0,0.0
08123,243442.0,305885.0,324492.0,359442.0,2.0,1.0
08125,9843.0,9959.0,10019.0,9862.0,7.0,0.0
09001,903824.0,943038.0,943332.0,,2.0,1.0
09003,887891.0,893076.0,891720.0,,1.0,1.0
09005,190175.0,181667.0,180333.0,,4.0,0.0
09007,164962.0,162942.0,162436.0,,1.0,1.0
09009,856622.0,857748.0,854757.0,,2.0,1.0
09011,272634.0,267419.0,265206.0,,2.0,1.0
09013,151583.0,151009.0,150721.0,,1.0,1.0
09015,117888.0,116398.0,116782.0,,2.0,1.0
09110,,,,975328.0,,
09120,,,,327651.0,,
09130,,,,176215.0,,
09140,,,,456128.0,,
09150,,,,96692.0,,
09160,,,,113463.0,,
09170,,,,568158.0,,
09180,,,,279634.0,,
09190,,,,623907.0,,
10001,157925.0,176499.0,180786.0,189789.0,3.0,1.0
10003,533958.0,555976.0,558753.0,578592.0,1.0,1.0
10005,191991.0,224348.0,234225.0,263509.0,2.0,1.0
11001,580236.0,694906.0,705749.0,678972.0,1.0,1.0
12001,244888.0,266309.0,269043.0,285994.0,2.0,1.0
12003,26725.0,28254.0,29210.0,28368.0,1.0,1.0
12005,166267.0,184736.0,174705.0,190769.0,3.0,1.0
12007,28961.0,27142.0,28201.0,27858.0,6.0,0.0
12009,542378.0,587769.0,601942.0,643979.0,2.0,1.0
12011,1723633.0,1934516.0,1952778.0,1962531.0,1.0,1.0
12013,14351.0,14428.0,14105.0,13470.0,6.0,0.0
12015,160467.0,181522.0,188910.0,206134.0,3.0,1.0
12017,142122.0,145415.0,149657.0,166696.0,3.0,1.0
12019,187289.0,212228.0,219252.0,232439.0,1.0,1.0
12021,316641.0,372678.0,384902.0,404310.0,2.0,1.0
12023,67318.0,69999.0,71686.0,73063.0,4.0,0.0
12027,34374.0,37241.0,38001.0,35979.0,6.0,0.0
12029,16214.0,16615.0,16826.0,17465.0,6.0,0.0
12031,855437.0,937933.0,957755.0,1030822.0,1.0,1.0
12033,296854.0,313249.0,318316.0,326928.0,2.0,1.0
12035,93546.0,109999.0,115081.0,131439.0,2.0,1.0
12037,11484.0,11724.0,12125.0,12594.0,6.0,0.0
12039,46319.0,45993.0,45660.0,43833.0,2.0,1.0
12041,16797.0,17900.0,18582.0,19587.0,2.0,1.0
12043,12752.0,13580.0,13811.0,12786.0,6.0,0.0
12045,15851.0,16105.0,13639.0,15693.0,3.0,1.0
12047,14785.0,14364.0,14428.0,13471.0,6.0,0.0
12049,27603.0,27154.0,26937.0,25760.0,6.0,0.0
12051,39177.0,41018.0,42022.0,43333.0,4.0,0.0
12053,172437.0,186704.0,193920.0,212807.0,1.0,1.0
12055,99568.0,103852.0,106221.0,107614.0,3.0,1.0
12057,1196773.0,1426736.0,1471968.0,1535564.0,1.0,1.0
12059,20141.0,19427.0,19617.0,19944.0,6.0,0.0
12061,136277.0,154241.0,159923.0,169795.0,3.0,1.0
12063,50272.0,48289.0,46414.0,48622.0,6.0,0.0
12065,14606.0,14165.0,14246.0,15450.0,2.0,1.0
12067,8465.0,8602.0,8422.0,8078.0,9.0,0.0
12069,293654.0,345432.0,367118.0,424462.0,1.0,1.0
12071,610984.0,740000.0,770577.0,834573.0,2.0,1.0
12073,271130.0,290965.0,293582.0,296913.0,2.0,1.0
12075,40809.0,40276.0,41503.0,46545.0,6.0,0.0
12077,8323.0,8236.0,8354.0,7706.0,8.0,0.0
12079,19347.0,18474.0,18493.0,18519.0,6.0,0.0
12081,318766.0,385506.0,403253.0,441095.0,2.0,1.0
12083,330052.0,353339.0,365579.0,409959.0,2.0,1.0
12085,144369.0,159701.0,161000.0,163315.0,2.0,1.0
12086,2436062.0,2713295.0,2716940.0,2686867.0,1.0,1.0
12087,72730.0,76483.0,74228.0,80614.0,4.0,0.0
12089,71557.0,82925.0,88625.0,101501.0,1.0,1.0
12091,181752.0,203478.0,210738.0,218464.0,3.0,1.0
12093,39968.0,41275.0,42168.0,41427.0,4.0,0.0
12095,1115525.0,1355921.0,1393452.0,1471416.0,1.0,1.0
12097,261746.0,353623.0,375751.0,437784.0,1.0,1.0
12099,1294938.0,1470344.0,1496770.0,1533801.0,1.0,1.0
12101,461313.0,525141.0,553947.0,632996.0,1.0,1.0
12103,916458.0,968341.0,974996.0,961596.0,1.0,1.0
12105,594801.0,685368.0,724777.0,818330.0,2.0,1.0
12107,74999.0,73384.0,74521.0,75955.0,4.0,0.0
12109,181720.0,243693.0,264672.0,320110.0,1.0,1.0
12111,273151.0,313163.0,328297.0,373586.0,2.0,1.0
12113,148538.0,174049.0,184313.0,203162.0,2.0,1.0
12115,377178.0,419680.0,433742.0,469013.0,2.0,1.0
12117,416564.0,462801.0,471826.0,484271.0,1.0,1.0
12119,86433.0,124995.0,132420.0,151565.0,3.0,1.0
12121,40774.0,44124.0,44417.0,46130.0,6.0,0.0
12123,22356.0,21781.0,21569.0,21582.0,6.0,0.0
12125,15718.0,15448.0,15237.0,15532.0,6.0,0.0
12127,497366.0,537868.0,553284.0,590357.0,2.0,1.0
12129,29183.0,32050.0,33739.0,36449.0,2.0,1.0
12131,53563.0,68021.0,74071.0,86354.0,3.0,1.0
12133,24706.0,24546.0,25473.0,25602.0,6.0,0.0
13001,18133.0,18438.0,18386.0,18457.0,7.0,0.0
13003,8366.0,8182.0,8165.0,8293.0,9.0,0.0
13005,10987.0,11205.0,11164.0,11124.0,7.0,0.0
13007,3728.0,3159.0,3038.0,2743.0,3.0,1.0
13009,47855.0,44963.0,44890.0,43396.0,4.0,0.0
13011,17953.0,18628.0,19234.0,19789.0,8.0,0.0
13013,67362.0,78899.0,83240.0,92792.0,1.0,1.0
13015,98415.0,105098.0,107738.0,115041.0,1.0,1.0
13017,17675.0,17037.0,16700.0,17128.0,7.0,0.0
13019,18863.0,19108.0,19397.0,18570.0,6.0,0.0
13021,154384.0,152840.0,153159.0,156512.0,3.0,1.0
13023,12985.0,12764.0,12873.0,12465.0,6.0,0.0
13025,17593.0,18832.0,19109.0,18401.0,3.0,1.0
13027,16475.0,15617.0,15457.0,16245.0,3.0,1.0
13029,29178.0,36999.0,39627.0,49739.0,2.0,1.0
13031,67092.0,75991.0,79608.0,84327.0,4.0,0.0
13033,23084.0,22545.0,22383.0,24438.0,2.0,1.0
13035,23794.0,24067.0,24936.0,26887.0,1.0,1.0
13037,6456.0,6389.0,6189.0,5457.0,8.0,0.0
13039,49713.0,53005.0,54666.0,58118.0,4.0,0.0
13043,10691.0,10706.0,10803.0,11059.0,7.0,0.0
13045,110242.0,117390.0,119992.0,127098.0,1.0,1.0
13047,63271.0,66495.0,67580.0,68910.0,2.0,1.0
13049,12604.0,12810.0,13392.0,12934.0,6.0,0.0
13051,255269.0,289309.0,289430.0,303655.0,2.0,1.0
13053,11624.0,10205.0,10907.0,8661.0,2.0,1.0
13055,26146.0,24746.0,24789.0,25222.0,6.0,0.0
13057,208271.0,247763.0,258773.0,286602.0,1.0,1.0
13059,115768.0,126815.0,128331.0,129933.0,3.0,1.0
13061,3233.0,2955.0,2834.0,2853.0,9.0,0.0
13063,262099.0,284184.0,292256.0,298300.0,1.0,1.0
13065,6941.0,6643.0,6618.0,6746.0,6.0,0.0
13067,679822.0,752649.0,760141.0,776743.0,1.0,1.0
13069,41813.0,42880.0,43273.0,43317.0,7.0,0.0
13071,44872.0,45480.0,45600.0,46167.0,6.0,0.0
13073,117504.0,151529.0,156714.0,165162.0,2.0,1.0
13075,17067.0,17213.0,17270.0,17714.0,6.0,0.0
13077,122281.0,143153.0,148509.0,155892.0,1.0,1.0
13079,12967.0,12263.0,12404.0,12277.0,3.0,1.0
13081,23243.0,22710.0,22372.0,19631.0,6.0,0.0
13083,16651.0,16254.0,16116.0,16165.0,2.0,1.0
13085,21951.0,24406.0,26108.0,31732.0,1.0,1.0
13087,28010.0,26706.0,26404.0,29087.0,6.0,0.0
13089,685646.0,751176.0,759297.0,762992.0,1.0,1.0
13091,21399.0,20749.0,20605.0,19776.0,6.0,0.0
13093,14191.0,13691.0,13390.0,10981.0,6.0,0.0
13095,94363.0,89457.0,87956.0,82645.0,3.0,1.0
13097,129508.0,143376.0,146343.0,149160.0,1.0,1.0
13099,11262.0,10317.0,10190.0,10563.0,6.0,0.0
13101,3954.0,3914.0,4006.0,3709.0,3.0,1.0
13103,50738.0,60086.0,64296.0,71541.0,2.0,1.0
13105,20477.0,19102.0,19194.0,20013.0,6.0,0.0
13107,22421.0,22533.0,22646.0,23119.0,7.0,0.0
13109,11020.0,10741.0,10654.0,10754.0,6.0,0.0
13111,23416.0,25332.0,26188.0,25955.0,8.0,0.0
13113,105192.0,112553.0,114421.0,123351.0,1.0,1.0
13115,95922.0,97500.0,98498.0,100113.0,3.0,1.0
13117,166338.0,228940.0,244252.0,272887.0,1.0,1.0
13119,22254.0,22864.0,23349.0,24782.0,8.0,0.0
13121,888694.0,1038938.0,1063937.0,1079105.0,1.0,1.0
13123,28211.0,30443.0,31369.0,32860.0,6.0,0.0
13125,3010.0,3032.0,2971.0,2954.0,9.0,0.0
13127,78013.0,84675.0,85292.0,86172.0,3.0,1.0
13129,54567.0,57164.0,57963.0,59757.0,4.0,0.0
13131,24728.0,24773.0,24633.0,26066.0,6.0,0.0
13133,15869.0,17203.0,18324.0,20722.0,6.0,0.0
13135,780721.0,918186.0,936250.0,983526.0,1.0,1.0
13137,42550.0,44535.0,45328.0,48757.0,6.0,0.0
13139,177277.0,198953.0,204441.0,217267.0,3.0,1.0
13141,9808.0,8539.0,8457.0,8676.0,7.0,0.0
13143,28645.0,29248.0,29792.0,32038.0,1.0,1.0
13145,30807.0,33943.0,35236.0,36654.0,2.0,1.0
13147,25138.0,25710.0,26205.0,27556.0,6.0,0.0
13149,11809.0,11751.0,11923.0,12034.0,1.0,1.0
13151,194658.0,225182.0,234561.0,254613.0,1.0,1.0
13153,134922.0,153202.0,157863.0,171974.0,3.0,1.0
13155,9803.0,9352.0,9416.0,9120.0,7.0,0.0
13157,59420.0,67644.0,72977.0,88615.0,4.0,0.0
13159,13769.0,13882.0,14219.0,16455.0,1.0,1.0
13161,14577.0,15039.0,15115.0,14906.0,7.0,0.0
13163,16925.0,15630.0,15362.0,15183.0,6.0,0.0
13165,8340.0,8813.0,8676.0,8627.0,6.0,0.0
13167,10127.0,9737.0,9643.0,9282.0,7.0,0.0
13169,28552.0,28466.0,28735.0,28969.0,3.0,1.0
13171,18025.0,18600.0,19077.0,20401.0,1.0,1.0
13173,9560.0,10425.0,10423.0,10452.0,3.0,1.0
13175,48192.0,47376.0,47546.0,49941.0,5.0,0.0
13177,28111.0,29410.0,29992.0,33872.0,3.0,1.0
13179,62635.0,61619.0,61435.0,69210.0,3.0,1.0
13181,8156.0,7856.0,7921.0,7879.0,2.0,1.0
13183,12744.0,18780.0,19559.0,19594.0,3.0,1.0
13185,104918.0,115404.0,117406.0,120712.0,3.0,1.0
13187,29128.0,32801.0,33610.0,35258.0,6.0,0.0
13189,21790.0,21511.0,21312.0,21799.0,2.0,1.0
13191,13973.0,14080.0,14378.0,11501.0,3.0,1.0
13193,14496.0,13254.0,12947.0,11817.0,6.0,0.0
13195,27820.0,29295.0,29880.0,32191.0,3.0,1.0
13197,8357.0,8403.0,8359.0,7440.0,2.0,1.0
13199,22632.0,21021.0,21167.0,20931.0,1.0,1.0
13201,6158.0,5813.0,5718.0,5747.0,8.0,0.0
13205,23840.0,22317.0,21863.0,21114.0,6.0,0.0
13207,25969.0,27163.0,27578.0,30625.0,3.0,1.0
13209,9100.0,9024.0,9172.0,8761.0,9.0,0.0
13211,17958.0,18373.0,19276.0,21460.0,1.0,1.0
13213,39869.0,39803.0,40096.0,41035.0,3.0,1.0
13215,184763.0,193836.0,195769.0,201877.0,2.0,1.0
13217,98240.0,107846.0,111744.0,120135.0,1.0,1.0
13219,31697.0,38122.0,40280.0,44182.0,3.0,1.0
13221,14663.0,14874.0,15259.0,15754.0,3.0,1.0
13223,137066.0,159509.0,168667.0,183164.0,1.0,1.0
13225,27222.0,26961.0,27546.0,28805.0,3.0,1.0
13227,29531.0,31541.0,32591.0,35969.0,1.0,1.0
13229,18210.0,19197.0,19465.0,20425.0,6.0,0.0
13231,17619.0,18204.0,18962.0,20461.0,1.0,1.0
13233,41407.0,41818.0,42613.0,44223.0,4.0,0.0
13235,11638.0,11181.0,11137.0,10095.0,3.0,1.0
13237,21075.0,21692.0,22119.0,23129.0,6.0,0.0
13239,2547.0,2333.0,2299.0,2280.0,9.0,0.0
13241,16359.0,16545.0,17137.0,17442.0,7.0,0.0
13243,7645.0,6969.0,6778.0,6078.0,6.0,0.0
13245,198423.0,201673.0,202518.0,205414.0,2.0,1.0
13247,83558.0,89843.0,90896.0,95987.0,1.0,1.0
13249,4835.0,5235.0,5257.0,4526.0,8.0,0.0
13251,14843.0,13956.0,13966.0,14174.0,6.0,0.0
13253,8827.0,8253.0,8090.0,9092.0,6.0,0.0
13255,63651.0,65358.0,66703.0,69946.0,1.0,1.0
13257,26004.0,25736.0,25925.0,27228.0,7.0,0.0
13259,5814.0,6314.0,6621.0,4674.0,8.0,0.0
13261,33012.0,29901.0,29524.0,28890.0,6.0,0.0
13263,6899.0,6256.0,6195.0,5718.0,8.0,0.0
13265,1820.0,1613.0,1537.0,1609.0,8.0,0.0
13267,23801.0,25409.0,25286.0,24296.0,6.0,0.0
13269,8945.0,8110.0,8020.0,7758.0,8.0,0.0
13271,16230.0,15929.0,15860.0,10920.0,7.0,0.0
13273,9648.0,8695.0,8531.0,8718.0,3.0,1.0
13275,44627.0,44619.0,44451.0,45649.0,4.0,0.0
13277,39806.0,40431.0,40644.0,41554.0,5.0,0.0
13279,27345.0,26859.0,26830.0,27040.0,7.0,0.0
13281,10485.0,11553.0,12037.0,13035.0,9.0,0.0
13283,6847.0,6746.0,6901.0,6341.0,7.0,0.0
13285,65860.0,70062.0,69922.0,70742.0,4.0,0.0
13287,9029.0,7895.0,7985.0,8909.0,6.0,0.0
13289,9442.0,8253.0,8120.0,7691.0,3.0,1.0
13291,21285.0,23376.0,24511.0,27124.0,9.0,0.0
13293,27321.0,26201.0,26320.0,28263.0,6.0,0.0
13295,68103.0,68999.0,69761.0,69489.0,2.0,1.0
13297,82602.0,91296.0,94593.0,106702.0,1.0,1.0
13299,36065.0,35668.0,35734.0,36243.0,5.0,0.0
13301,5942.0,5265.0,5254.0,5106.0,8.0,0.0
13303,21202.0,20311.0,20374.0,19820.0,7.0,0.0
13305,30042.0,29797.0,29927.0,31373.0,6.0,0.0
13307,2710.0,2589.0,2607.0,2337.0,8.0,0.0
13309,7018.0,7960.0,7855.0,7081.0,9.0,0.0
13311,26626.0,29445.0,30798.0,29026.0,6.0,0.0
13313,100546.0,104234.0,104628.0,103687.0,3.0,1.0
13315,9023.0,8791.0,8635.0,8779.0,8.0,0.0
13317,10630.0,9860.0,9777.0,9518.0,6.0,0.0
13319,9691.0,8954.0,8954.0,8725.0,8.0,0.0
13321,21701.0,20528.0,20247.0,20273.0,3.0,1.0
15001,181506.0,199981.0,201513.0,207615.0,5.0,0.0
15003,933680.0,986353.0,974563.0,989408.0,2.0,1.0
15005,99.0,86.0,86.0,81.0,3.0,1.0
15007,65603.0,71827.0,72293.0,73851.0,5.0,0.0
15009,151325.0,166146.0,167417.0,164183.0,3.0,1.0
16001,382618.0,456548.0,481587.0,524673.0,2.0,1.0
16003,4021.0,4127.0,4294.0,4903.0,9.0,0.0
16005,80609.0,85482.0,87808.0,90400.0,3.0,1.0
16007,6027.0,6023.0,6125.0,6766.0,9.0,0.0
16009,9385.0,9157.0,9298.0,10369.0,6.0,0.0
16011,44414.0,45884.0,46811.0,50395.0,4.0,0.0
16013,21477.0,22373.0,23021.0,25041.0,7.0,0.0
16015,7148.0,7347.0,7831.0,8517.0,2.0,1.0
16017,40966.0,43654.0,45739.0,52547.0,6.0,0.0
16019,100811.0,114488.0,119062.0,131366.0,3.0,1.0
16021,10831.0,11965.0,12245.0,13557.0,7.0,0.0
16023,2846.0,2585.0,2597.0,2758.0,3.0,1.0
16025,1120.0,1096.0,1106.0,1232.0,9.0,0.0
16027,184996.0,216858.0,229849.0,257674.0,2.0,1.0
16029,6840.0,6973.0,7155.0,7219.0,6.0,0.0
16031,22134.0,23650.0,24030.0,25696.0,7.0,0.0
16033,981.0,879.0,845.0,801.0,9.0,0.0
16035,8764.0,8646.0,8756.0,9214.0,6.0,0.0
16037,4300.0,4135.0,4315.0,4523.0,8.0,0.0
16039,26930.0,26881.0,27511.0,29724.0,6.0,0.0
16041,12570.0,13467.0,13876.0,15494.0,3.0,1.0
16043,13112.0,13122.0,13099.0,14196.0,6.0,0.0
16045,16941.0,17311.0,18112.0,21071.0,2.0,1.0
16047,15216.0,15121.0,15179.0,16061.0,7.0,0.0
16049,15896.0,16373.0,16667.0,17890.0,6.0,0.0
16051,24696.0,28439.0,29871.0,34198.0,3.0,1.0
16053,21217.0,23768.0,24412.0,25479.0,7.0,0.0
16055,135627.0,157320.0,165697.0,185010.0,3.0,1.0
16057,36524.0,39741.0,40108.0,41301.0,4.0,0.0
16059,7902.0,7829.0,8027.0,8441.0,7.0,0.0
16061,3739.0,3884.0,3838.0,3739.0,8.0,0.0
16063,5041.0,5376.0,5366.0,5450.0,9.0,0.0
16065,36564.0,39370.0,39907.0,54547.0,4.0,0.0
16067,19393.0,20722.0,21039.0,22480.0,7.0,0.0
16069,38810.0,40289.0,40408.0,42987.0,3.0,1.0
16071,4201.0,4389.0,4531.0,4953.0,8.0,0.0
16073,11515.0,11618.0,11823.0,12722.0,2.0,1.0
16075,22618.0,23163.0,23951.0,27279.0,6.0,0.0
16077,7564.0,7606.0,7681.0,8253.0,6.0,0.0
16079,13031.0,12519.0,12882.0,14026.0,6.0,0.0
16081,9627.0,11445.0,12142.0,12549.0,9.0,0.0
16083,75143.0,85374.0,86878.0,95156.0,5.0,0.0
16085,10060.0,10667.0,11392.0,12644.0,8.0,0.0
16087,10095.0,10051.0,10194.0,11425.0,6.0,0.0
17001,66943.0,66057.0,65435.0,64441.0,5.0,0.0
17003,8461.0,6278.0,5761.0,4695.0,3.0,1.0
17005,17916.0,16648.0,16426.0,16450.0,1.0,1.0
17007,54211.0,53513.0,53544.0,53202.0,2.0,1.0
17009,6896.0,6609.0,6578.0,6294.0,7.0,0.0
17011,35078.0,33137.0,32628.0,32729.0,7.0,0.0
17013,5084.0,4851.0,4739.0,4317.0,1.0,1.0
17015,15638.0,14475.0,14305.0,15526.0,7.0,0.0
17017,13660.0,12492.0,12147.0,12596.0,6.0,0.0
17019,197570.0,210425.0,209689.0,205644.0,3.0,1.0
17021,34974.0,33007.0,32304.0,33228.0,6.0,0.0
17023,16634.0,15812.0,15441.0,15088.0,6.0,0.0
17025,13971.0,13270.0,13184.0,12999.0,7.0,0.0
17027,37472.0,37645.0,37562.0,36785.0,1.0,1.0
17029,53454.0,51353.0,50621.0,46060.0,5.0,0.0
17031,5161831.0,5200821.0,5150233.0,5087072.0,1.0,1.0
17033,19831.0,18975.0,18667.0,18300.0,7.0,0.0
17035,11100.0,10880.0,10766.0,10261.0,9.0,0.0
17037,104601.0,104309.0,104897.0,100288.0,1.0,1.0
17039,16733.0,15906.0,15638.0,15365.0,3.0,1.0
17041,19970.0,19629.0,19465.0,19629.0,6.0,0.0
17043,909798.0,930265.0,922921.0,921213.0,1.0,1.0
17045,18768.0,17390.0,17161.0,16334.0,6.0,0.0
17047,6710.0,6448.0,6395.0,5968.0,9.0,0.0
17049,34173.0,34123.0,34008.0,34331.0,7.0,0.0
17051,22006.0,21514.0,21336.0,21164.0,6.0,0.0
17053,14095.0,13298.0,12961.0,13250.0,3.0,1.0
17055,39546.0,38995.0,38469.0,37138.0,4.0,0.0
17057,37224.0,35104.0,34340.0,32541.0,6.0,0.0
17059,5796.0,5071.0,4828.0,4670.0,8.0,0.0
17061,13956.0,13156.0,12969.0,11543.0,6.0,0.0
17063,49166.0,50622.0,51054.0,53578.0,1.0,1.0
17065,8454.0,8181.0,8116.0,7911.0,7.0,0.0
17067,19192.0,17958.0,17708.0,17186.0,7.0,0.0
17069,4386.0,3922.0,3821.0,3569.0,9.0,0.0
17071,7463.0,6819.0,6646.0,6088.0,9.0,0.0
17073,50492.0,49219.0,48913.0,48448.0,2.0,1.0
17075,30228.0,27777.0,27114.0,26136.0,6.0,0.0
17077,59605.0,57904.0,56750.0,52141.0,3.0,1.0
17079,9786.0,9523.0,9610.0,9144.0,7.0,0.0
17081,39277.0,38045.0,37684.0,36320.0,7.0,0.0
17083,23084.0,21912.0,21773.0,21091.0,1.0,1.0
17085,22715.0,21495.0,21235.0,21756.0,6.0,0.0
17087,12671.0,12399.0,12417.0,13326.0,8.0,0.0
17089,504437.0,532272.0,532403.0,514982.0,1.0,1.0
17091,112658.0,110540.0,109862.0,105940.0,3.0,1.0
17093,108559.0,126152.0,128990.0,139976.0,1.0,1.0
17095,52836.0,50577.0,49699.0,48411.0,4.0,0.0
17097,697369.0,702475.0,696535.0,708760.0,1.0,1.0
17099,114171.0,109622.0,108669.0,108309.0,4.0,0.0
17101,16935.0,16027.0,15678.0,14813.0,7.0,0.0
17103,36272.0,34540.0,34096.0,33654.0,6.0,0.0
17105,39071.0,36124.0,35648.0,35320.0,4.0,0.0
17107,30513.0,29034.0,28618.0,27590.0,6.0,0.0
17109,32615.0,30373.0,29682.0,26839.0,5.0,0.0
17111,307246.0,307815.0,307774.0,312800.0,1.0,1.0
17113,166825.0,172754.0,171517.0,170441.0,3.0,1.0
17115,110588.0,105399.0,104009.0,100591.0,3.0,1.0
17117,48092.0,45505.0,44926.0,44018.0,1.0,1.0
17119,268232.0,265251.0,262966.0,262752.0,1.0,1.0
17121,39794.0,37726.0,37205.0,36673.0,4.0,0.0
17123,12725.0,11668.0,11438.0,11683.0,2.0,1.0
17125,14962.0,13677.0,13359.0,12523.0,6.0,0.0
17127,15408.0,14291.0,13772.0,13661.0,7.0,0.0
17129,12780.0,12293.0,12196.0,11954.0,3.0,1.0
17131,16650.0,15608.0,15437.0,15487.0,2.0,1.0
17133,32533.0,34179.0,34637.0,34957.0,1.0,1.0
17135,30276.0,28781.0,28414.0,27663.0,6.0,0.0
17137,35761.0,34245.0,33658.0,32140.0,4.0,0.0
17139,14743.0,14701.0,14501.0,14342.0,6.0,0.0
17141,53802.0,50993.0,50643.0,51265.0,4.0,0.0
17143,184803.0,182525.0,179179.0,177513.0,2.0,1.0
17145,22434.0,21281.0,20916.0,20503.0,6.0,0.0
17147,16716.0,16422.0,16344.0,16714.0,3.0,1.0
17149,16615.0,15668.0,15561.0,14342.0,7.0,0.0
17151,4393.0,4183.0,4177.0,3707.0,8.0,0.0
17153,6198.0,5520.0,5335.0,4911.0,8.0,0.0
17155,5989.0,5694.0,5739.0,5561.0,8.0,0.0
17157,33584.0,32297.0,31782.0,29815.0,6.0,0.0
17159,16061.0,15837.0,15513.0,15488.0,7.0,0.0
17161,147501.0,143828.0,141879.0,141236.0,2.0,1.0
17163,266518.0,262600.0,259686.0,251018.0,1.0,1.0
17165,25140.0,23963.0,23491.0,22873.0,6.0,0.0
17167,195094.0,197072.0,194672.0,193491.0,3.0,1.0
17169,7543.0,6948.0,6768.0,6733.0,7.0,0.0
17171,5373.0,4983.0,4951.0,4710.0,9.0,0.0
17173,22398.0,21774.0,21634.0,20568.0,6.0,0.0
17175,6109.0,5457.0,5342.0,5218.0,2.0,1.0
17177,47805.0,44997.0,44498.0,43105.0,4.0,0.0
17179,133893.0,133489.0,131803.0,129541.0,2.0,1.0
17181,17965.0,16968.0,16653.0,16667.0,6.0,0.0
17183,81930.0,77689.0,75758.0,71652.0,3.0,1.0
17185,12158.0,11523.0,11520.0,10942.0,7.0,0.0
17187,17665.0,17144.0,16844.0,16185.0,6.0,0.0
17189,14855.0,13963.0,13887.0,13536.0,6.0,0.0
17191,16930.0,16412.0,16215.0,15761.0,7.0,0.0
17193,14868.0,13903.0,13537.0,13401.0,6.0,0.0
17195,58784.0,55955.0,55175.0,54498.0,4.0,0.0
17197,671392.0,690479.0,690743.0,700728.0,1.0,1.0
17199,65674.0,67049.0,66597.0,66706.0,3.0,1.0
17201,295726.0,284681.0,282572.0,280922.0,2.0,1.0
17203,38452.0,38670.0,38459.0,38285.0,2.0,1.0
18001,34214.0,35385.0,35777.0,36288.0,6.0,0.0
18003,351264.0,371723.0,379299.0,394545.0,2.0,1.0
18005,76080.0,82213.0,83779.0,84003.0,3.0,1.0
18007,8801.0,8631.0,8748.0,8729.0,3.0,1.0
18009,12971.0,12028.0,11758.0,11893.0,6.0,0.0
18011,54648.0,65723.0,67843.0,76120.0,1.0,1.0
18013,15274.0,15010.0,15092.0,15653.0,1.0,1.0
18015,20114.0,20067.0,20257.0,20525.0,3.0,1.0
18017,39070.0,37828.0,37689.0,37666.0,4.0,0.0
18019,107406.0,116545.0,118302.0,125467.0,1.0,1.0
18021,27058.0,26167.0,26225.0,26460.0,3.0,1.0
18023,33352.0,32195.0,32399.0,32730.0,6.0,0.0
18025,10792.0,10535.0,10577.0,10438.0,8.0,0.0
18027,30947.0,33136.0,33351.0,33656.0,7.0,0.0
18029,49643.0,49564.0,49458.0,51215.0,1.0,1.0
18031,25600.0,26620.0,26559.0,26399.0,6.0,0.0
18033,42033.0,42806.0,43475.0,44198.0,4.0,0.0
18035,117007.0,115246.0,114135.0,112321.0,3.0,1.0
18037,41955.0,42538.0,42736.0,43546.0,5.0,0.0
18039,197762.0,204194.0,206341.0,206409.0,3.0,1.0
18041,24384.0,23154.0,23102.0,23362.0,6.0,0.0
18043,73775.0,77006.0,78522.0,80809.0,1.0,1.0
18045,17356.0,16419.0,16346.0,16731.0,6.0,0.0
18047,23330.0,22694.0,22758.0,23096.0,6.0,0.0
18049,20670.0,19995.0,19974.0,20358.0,7.0,0.0
18051,33331.0,33721.0,33659.0,32904.0,6.0,0.0
18053,70250.0,66305.0,65769.0,66200.0,4.0,0.0
18055,32977.0,32172.0,31922.0,31196.0,6.0,0.0
18057,261974.0,322933.0,338011.0,371645.0,1.0,1.0
18059,68107.0,74998.0,78168.0,86166.0,1.0,1.0
18061,38628.0,39777.0,40515.0,40006.0,1.0,1.0
18063,140710.0,163622.0,170311.0,186387.0,1.0,1.0
18065,49420.0,48170.0,47972.0,48929.0,4.0,0.0
18067,83472.0,82210.0,82544.0,83831.0,3.0,1.0
18069,37244.0,36222.0,36520.0,36781.0,6.0,0.0
18071,41705.0,43955.0,44231.0,46460.0,4.0,0.0
18073,33155.0,33424.0,33562.0,33535.0,1.0,1.0
18075,21467.0,20883.0,20436.0,20032.0,6.0,0.0
18077,32586.0,32013.0,32308.0,33056.0,6.0,0.0
18079,28480.0,27652.0,27735.0,27622.0,6.0,0.0
18081,136933.0,153820.0,158167.0,167819.0,1.0,1.0
18083,38497.0,37044.0,36594.0,36070.0,5.0,0.0
18085,77091.0,79026.0,79456.0,80364.0,4.0,0.0
18087,37181.0,39248.0,39614.0,40907.0,6.0,0.0
18089,495479.0,484601.0,485493.0,500598.0,1.0,1.0
18091,111267.0,109842.0,109888.0,111706.0,3.0,1.0
18093,46233.0,45592.0,45370.0,45084.0,6.0,0.0
18095,131537.0,129418.0,129569.0,132504.0,1.0,1.0
18097,889504.0,950537.0,964582.0,968460.0,1.0,1.0
18099,47012.0,46433.0,46258.0,46352.0,6.0,0.0
18101,10304.0,10181.0,10255.0,9897.0,7.0,0.0
18103,37281.0,35864.0,35516.0,35402.0,6.0,0.0
18105,134401.0,146638.0,148431.0,139342.0,3.0,1.0
18107,38204.0,38343.0,38338.0,38573.0,6.0,0.0
18109,68964.0,69793.0,70489.0,73227.0,1.0,1.0
18111,14348.0,14027.0,13984.0,13960.0,1.0,1.0
18113,47561.0,47329.0,47744.0,47430.0,6.0,0.0
18115,6069.0,5854.0,5875.0,6004.0,1.0,1.0
18117,19837.0,19423.0,19646.0,19638.0,6.0,0.0
18119,21763.0,20791.0,20799.0,21532.0,3.0,1.0
18121,17488.0,16907.0,16937.0,16484.0,6.0,0.0
18123,19340.0,18978.0,19169.0,19209.0,6.0,0.0
18125,13047.0,12315.0,12389.0,12106.0,8.0,0.0
18127,162538.0,168495.0,170389.0,175335.0,1.0,1.0
18129,26080.0,25569.0,25427.0,25040.0,2.0,1.0
18131,13646.0,12529.0,12353.0,12385.0,6.0,0.0
18133,38325.0,37363.0,37576.0,37567.0,1.0,1.0
18135,26300.0,24907.0,24665.0,24216.0,6.0,0.0
18137,28605.0,28428.0,28324.0,29227.0,6.0,0.0
18139,17543.0,16643.0,16581.0,16847.0,6.0,0.0
18141,267282.0,270057.0,271826.0,272848.0,2.0,1.0
18143,24089.0,23793.0,23873.0,24657.0,1.0,1.0
18145,44345.0,44367.0,44729.0,45231.0,1.0,1.0
18147,20978.0,20440.0,20277.0,19910.0,8.0,0.0
18149,23379.0,22935.0,22995.0,23206.0,6.0,0.0
18151,34055.0,34384.0,34594.0,34917.0,7.0,0.0
18153,21550.0,20700.0,20669.0,20757.0,3.0,1.0
18155,10387.0,10686.0,10751.0,10019.0,8.0,0.0
18157,169039.0,191199.0,195732.0,188792.0,3.0,1.0
18159,16137.0,15137.0,15148.0,15256.0,6.0,0.0
18161,7428.0,7159.0,7054.0,6973.0,1.0,1.0
18163,178053.0,180954.0,181451.0,179810.0,2.0,1.0
18165,16387.0,15503.0,15498.0,15417.0,3.0,1.0
18167,106972.0,107569.0,107038.0,106153.0,3.0,1.0
18169,33238.0,31380.0,30996.0,30670.0,6.0,0.0
18171,8602.0,8204.0,8265.0,8518.0,8.0,0.0
18173,58435.0,62401.0,62998.0,65867.0,2.0,1.0
18175,28298.0,27771.0,28036.0,28205.0,1.0,1.0
18177,69093.0,66179.0,65884.0,66127.0,5.0,0.0
18179,27751.0,27958.0,28296.0,28555.0,2.0,1.0
18181,24871.0,24163.0,24102.0,24917.0,6.0,0.0
18183,33047.0,33722.0,33964.0,34742.0,2.0,1.0
19001,7747.0,7051.0,7152.0,7389.0,8.0,0.0
19003,4151.0,3657.0,3602.0,3544.0,9.0,0.0
19005,14325.0,13803.0,13687.0,14074.0,6.0,0.0
19007,12950.0,12353.0,12426.0,12119.0,7.0,0.0
19009,6200.0,5550.0,5496.0,5534.0,8.0,0.0
19011,26097.0,25656.0,25645.0,25796.0,2.0,1.0
19013,129203.0,132238.0,131228.0,130471.0,3.0,1.0
19015,26454.0,26443.0,26234.0,26590.0,6.0,0.0
19017,24162.0,24823.0,25062.0,25307.0,3.0,1.0
19019,21154.0,21126.0,21175.0,20691.0,6.0,0.0
19021,19855.0,20144.0,19620.0,20567.0,7.0,0.0
19023,14957.0,14592.0,14439.0,14172.0,8.0,0.0
19025,9845.0,9729.0,9668.0,9763.0,9.0,0.0
19027,20742.0,20274.0,20165.0,20522.0,7.0,0.0
19029,13935.0,13144.0,12836.0,13130.0,6.0,0.0
19031,18460.0,18490.0,18627.0,18302.0,6.0,0.0
19033,44285.0,42999.0,42450.0,42406.0,5.0,0.0
19035,12014.0,11307.0,11235.0,11605.0,6.0,0.0
19037,12471.0,12002.0,11933.0,11658.0,6.0,0.0
19039,9217.0,9396.0,9395.0,9588.0,6.0,0.0
19041,16697.0,16141.0,16016.0,16511.0,7.0,0.0
19043,18209.0,17648.0,17549.0,16969.0,8.0,0.0
19045,49303.0,46874.0,46429.0,46158.0,4.0,0.0
19047,16881.0,17076.0,16820.0,16013.0,7.0,0.0
19049,62144.0,87208.0,93453.0,111092.0,2.0,1.0
19051,8675.0,8969.0,9000.0,9169.0,9.0,0.0
19053,8457.0,7947.0,7870.0,7665.0,9.0,0.0
19055,17840.0,17143.0,17011.0,17600.0,6.0,0.0
19057,40235.0,39326.0,38967.0,38253.0,5.0,0.0
19059,16690.0,17141.0,17258.0,18056.0,7.0,0.0
19061,92519.0,97066.0,97311.0,98887.0,3.0,1.0
19063,10448.0,9422.0,9208.0,9229.0,7.0,0.0
19065,20910.0,19687.0,19650.0,19210.0,6.0,0.0
19067,16331.0,15767.0,15642.0,15326.0,7.0,0.0
19069,10690.0,10160.0,10070.0,9875.0,7.0,0.0
19071,7489.0,6930.0,6960.0,6458.0,8.0,0.0
19073,9415.0,8954.0,8888.0,8584.0,6.0,0.0
19075,12359.0,12298.0,12232.0,12384.0,3.0,1.0
19077,11038.0,10645.0,10689.0,10722.0,2.0,1.0
19079,15863.0,15032.0,14773.0,14729.0,6.0,0.0
19081,11525.0,10756.0,10630.0,10615.0,7.0,0.0
19083,17690.0,17073.0,16846.0,16463.0,6.0,0.0
19085,14946.0,14107.0,14049.0,14670.0,2.0,1.0
19087,20307.0,20044.0,19954.0,19547.0,6.0,0.0
19089,9625.0,9229.0,9158.0,9376.0,6.0,0.0
19091,9911.0,9569.0,9558.0,9500.0,7.0,0.0
19093,7215.0,6869.0,6860.0,6833.0,8.0,0.0
19095,16337.0,16133.0,16184.0,16381.0,6.0,0.0
19097,19919.0,19382.0,19439.0,19342.0,6.0,0.0
19099,37103.0,36995.0,37185.0,37919.0,6.0,0.0
19101,16607.0,18219.0,18295.0,15440.0,7.0,0.0
19103,127113.0,149325.0,151140.0,157528.0,3.0,1.0
19105,20848.0,20618.0,20681.0,20900.0,2.0,1.0
19107,10620.0,10141.0,10246.0,9914.0,8.0,0.0
19109,15685.0,14939.0,14813.0,14396.0,7.0,0.0
19111,35819.0,34216.0,33657.0,32565.0,5.0,0.0
19113,208558.0,224379.0,226706.0,228972.0,2.0,1.0
19115,11830.0,11195.0,11035.0,10513.0,8.0,0.0
19117,9137.0,8533.0,8600.0,8747.0,6.0,0.0
19119,11545.0,11785.0,11755.0,12324.0,8.0,0.0
19121,15517.0,16000.0,16338.0,16971.0,2.0,1.0
19123,22483.0,22211.0,22095.0,21874.0,7.0,0.0
19125,33515.0,33091.0,33253.0,33770.0,6.0,0.0
19127,40151.0,40078.0,39369.0,40014.0,4.0,0.0
19129,15214.0,15060.0,15109.0,14633.0,2.0,1.0
19131,10815.0,10563.0,10586.0,10518.0,7.0,0.0
19133,9350.0,8724.0,8615.0,8493.0,6.0,0.0
19135,7904.0,7798.0,7707.0,7504.0,7.0,0.0
19137,10823.0,10112.0,9917.0,10139.0,6.0,0.0
19139,42515.0,42872.0,42664.0,42218.0,4.0,0.0
19141,14332.0,13774.0,13753.0,14012.0,7.0,0.0
19143,6617.0,6021.0,5958.0,5978.0,7.0,0.0
19145,16083.0,15213.0,15107.0,15014.0,6.0,0.0
19147,9486.0,9052.0,8886.0,8810.0,7.0,0.0
19149,24898.0,25060.0,25177.0,25722.0,3.0,1.0
19151,7510.0,6833.0,6619.0,6976.0,9.0,0.0
19153,419495.0,480487.0,490161.0,505255.0,2.0,1.0
19155,91781.0,93416.0,93206.0,93179.0,2.0,1.0
19157,19025.0,18334.0,18504.0,18453.0,7.0,0.0
19159,5164.0,5024.0,4894.0,4642.0,9.0,0.0
19161,10475.0,9803.0,9721.0,9686.0,9.0,0.0
19163,161824.0,172448.0,172943.0,174270.0,2.0,1.0
19165,12338.0,11574.0,11454.0,11806.0,6.0,0.0
19167,33364.0,34781.0,34855.0,36246.0,7.0,0.0
19169,87831.0,97278.0,97117.0,98566.0,3.0,1.0
19171,17986.0,17029.0,16854.0,16833.0,6.0,0.0
19173,6348.0,6095.0,6121.0,5924.0,9.0,0.0
19175,12447.0,12459.0,12241.0,11906.0,6.0,0.0
19177,7699.0,7155.0,7044.0,7266.0,9.0,0.0
19179,35381.0,35022.0,34969.0,35166.0,5.0,0.0
19181,45450.0,50078.0,51466.0,55205.0,2.0,1.0
19183,21686.0,22204.0,21965.0,22560.0,3.0,1.0
19185,6373.0,6492.0,6441.0,6557.0,9.0,0.0
19187,38273.0,36637.0,35904.0,36485.0,5.0,0.0
19189,10927.0,10573.0,10354.0,10571.0,7.0,0.0
19191,20980.0,20129.0,19991.0,19815.0,7.0,0.0
19193,100910.0,102132.0,103107.0,105951.0,3.0,1.0
19195,7632.0,7455.0,7381.0,7297.0,9.0,0.0
19197,13375.0,12765.0,12562.0,12656.0,7.0,0.0
20001,13422.0,12555.0,12369.0,12412.0,7.0,0.0
20003,8158.0,7833.0,7858.0,7838.0,6.0,0.0
20005,16820.0,16298.0,16073.0,16016.0,6.0,0.0
20007,4844.0,4570.0,4427.0,4071.0,9.0,0.0
20009,27314.0,26394.0,25779.0,24899.0,7.0,0.0
20011,15127.0,14609.0,14534.0,14408.0,6.0,0.0
20013,9988.0,9609.0,9564.0,9250.0,6.0,0.0
20015,64941.0,66845.0,66911.0,68632.0,2.0,1.0
20017,2810.0,2651.0,2648.0,2579.0,9.0,0.0
20019,3735.0,3315.0,3250.0,3347.0,8.0,0.0
20021,21720.0,20129.0,19939.0,19054.0,6.0,0.0
20023,2778.0,2684.0,2657.0,2636.0,9.0,0.0
20025,2225.0,1995.0,1994.0,1847.0,9.0,0.0
20027,8618.0,8006.0,8002.0,8007.0,6.0,0.0
20029,9541.0,8912.0,8786.0,8854.0,7.0,0.0
20031,8563.0,8228.0,8179.0,8251.0,6.0,0.0
20033,1902.0,1759.0,1700.0,1655.0,9.0,0.0
20035,36284.0,35297.0,34908.0,34157.0,4.0,0.0
20037,38997.0,38925.0,38818.0,38764.0,4.0,0.0
20039,2992.0,2863.0,2827.0,2712.0,9.0,0.0
20041,19862.0,18829.0,18466.0,18445.0,7.0,0.0
20043,8003.0,7657.0,7600.0,7493.0,3.0,1.0
20045,109010.0,120281.0,122259.0,120553.0,3.0,1.0
20047,3058.0,2873.0,2798.0,2733.0,9.0,0.0
20049,2954.0,2514.0,2530.0,2467.0,8.0,0.0
20051,28010.0,28735.0,28553.0,28810.0,5.0,0.0
20053,6471.0,6284.0,6102.0,6357.0,7.0,0.0
20055,35461.0,36720.0,36467.0,37466.0,5.0,0.0
20057,32187.0,34218.0,33619.0,33980.0,5.0,0.0
20059,25851.0,25631.0,25544.0,26125.0,6.0,0.0
20061,30276.0,33774.0,31670.0,35047.0,4.0,0.0
20063,2646.0,2622.0,2636.0,2735.0,9.0,0.0
20065,2669.0,2485.0,2482.0,2376.0,9.0,0.0
20067,7674.0,7490.0,7150.0,7147.0,7.0,0.0
20069,5821.0,6018.0,5988.0,5743.0,9.0,0.0
20071,1247.0,1226.0,1232.0,1181.0,9.0,0.0
20073,6817.0,6067.0,5982.0,5870.0,6.0,0.0
20075,2638.0,2616.0,2539.0,2437.0,9.0,0.0
20077,6063.0,5580.0,5436.0,5435.0,8.0,0.0
20079,33994.0,34373.0,34429.0,33504.0,2.0,1.0
20081,4153.0,4019.0,3968.0,3630.0,9.0,0.0
20083,1949.0,1863.0,1794.0,1655.0,9.0,0.0
20085,13235.0,13332.0,13171.0,13368.0,3.0,1.0
20087,19072.0,18932.0,19043.0,18327.0,3.0,1.0
20089,3137.0,2857.0,2879.0,2847.0,9.0,0.0
20091,532175.0,591305.0,602401.0,622237.0,1.0,1.0
20093,3909.0,3935.0,3838.0,3823.0,9.0,0.0
20095,7892.0,7275.0,7152.0,7066.0,2.0,1.0
20097,2418.0,2486.0,2475.0,2374.0,9.0,0.0
20099,21786.0,20129.0,19618.0,19728.0,7.0,0.0
20101,1756.0,1548.0,1535.0,1529.0,9.0,0.0
20103,74560.0,81109.0,81758.0,83518.0,1.0,1.0
20105,3333.0,3043.0,2962.0,2920.0,9.0,0.0
20107,9731.0,9697.0,9703.0,9860.0,1.0,1.0
20109,2779.0,2814.0,2794.0,2665.0,9.0,0.0
20111,35591.0,33257.0,33195.0,32172.0,4.0,0.0
20113,29095.0,28687.0,28542.0,30091.0,7.0,0.0
20115,12639.0,11945.0,11884.0,11690.0,6.0,0.0
20117,10174.0,9687.0,9707.0,9933.0,6.0,0.0
20119,4497.0,4230.0,4033.0,3911.0,9.0,0.0
20121,32131.0,33429.0,34237.0,35320.0,1.0,1.0
20123,6370.0,6137.0,5979.0,5719.0,7.0,0.0
20125,35538.0,32390.0,31829.0,30568.0,5.0,0.0
20127,5999.0,5467.0,5620.0,5334.0,8.0,0.0
20129,3227.0,2747.0,2587.0,2580.0,9.0,0.0
20131,10259.0,10060.0,10231.0,10114.0,6.0,0.0
20133,16587.0,16094.0,16007.0,15420.0,7.0,0.0
20135,3127.0,2856.0,2750.0,2618.0,9.0,0.0
20137,5702.0,5421.0,5361.0,5330.0,7.0,0.0
20139,16439.0,15842.0,15949.0,15824.0,3.0,1.0
20141,3867.0,3539.0,3421.0,3427.0,9.0,0.0
20143,6137.0,5817.0,5704.0,5818.0,9.0,0.0
20145,6859.0,6665.0,6414.0,6126.0,7.0,0.0
20147,5586.0,5370.0,5234.0,4761.0,7.0,0.0
20149,20884.0,23916.0,24383.0,26382.0,3.0,1.0
20151,9684.0,9500.0,9164.0,9082.0,7.0,0.0
20153,2592.0,2473.0,2530.0,2463.0,9.0,0.0
20155,63974.0,62714.0,61998.0,61497.0,4.0,0.0
20157,5067.0,4654.0,4636.0,4627.0,9.0,0.0
20159,10175.0,9563.0,9537.0,9260.0,7.0,0.0
20161,69444.0,73977.0,74232.0,71402.0,3.0,1.0
20163,5254.0,5055.0,4920.0,4778.0,9.0,0.0
20165,3310.0,3048.0,3036.0,2830.0,9.0,0.0
20167,6869.0,6930.0,6856.0,6723.0,7.0,0.0
20169,54811.0,54508.0,54224.0,53098.0,5.0,0.0
20171,4729.0,4928.0,4823.0,4922.0,7.0,0.0
20173,486077.0,513176.0,516042.0,528469.0,2.0,1.0
20175,22522.0,22245.0,21428.0,21067.0,5.0,0.0
20177,175449.0,178056.0,176875.0,177746.0,3.0,1.0
20179,2605.0,2526.0,2521.0,2423.0,9.0,0.0
20181,6017.0,5936.0,5917.0,5844.0,7.0,0.0
20183,3909.0,3615.0,3583.0,3590.0,9.0,0.0
20185,4404.0,4186.0,4156.0,3909.0,9.0,0.0
20187,2169.0,2055.0,2006.0,1901.0,9.0,0.0
20189,5440.0,5551.0,5485.0,5077.0,7.0,0.0
20191,24238.0,23117.0,22836.0,22334.0,2.0,1.0
20193,7685.0,7821.0,7777.0,7865.0,7.0,0.0
20195,2943.0,2843.0,2803.0,2731.0,9.0,0.0
20197,7077.0,6832.0,6931.0,7057.0,3.0,1.0
20199,1447.0,1515.0,1518.0,1509.0,9.0,0.0
20201,5848.0,5479.0,5406.0,5504.0,9.0,0.0
20203,2222.0,2121.0,2119.0,2082.0,9.0,0.0
20205,9592.0,8707.0,8525.0,8382.0,7.0,0.0
20207,3347.0,3130.0,3138.0,3115.0,9.0,0.0
20209,155092.0,165087.0,165429.0,165281.0,1.0,1.0
21001,18541.0,19287.0,19202.0,19264.0,7.0,0.0
21003,19838.0,20903.0,21315.0,21788.0,3.0,1.0
21005,21088.0,22545.0,22747.0,24613.0,6.0,0.0
21007,8265.0,8018.0,7888.0,7582.0,9.0,0.0
21009,41797.0,43746.0,44249.0,45008.0,6.0,0.0
21011,11647.0,12381.0,12500.0,12975.0,8.0,0.0
21013,28836.0,26863.0,26032.0,23317.0,7.0,0.0
21015,115262.0,130952.0,133581.0,140496.0,1.0,1.0
21017,20046.0,20092.0,19788.0,20134.0,2.0,1.0
21019,49244.0,47808.0,46718.0,47826.0,2.0,1.0
21021,28288.0,29972.0,30060.0,30988.0,7.0,0.0
21023,8471.0,8285.0,8303.0,8426.0,1.0,1.0
21025,14249.0,12929.0,12630.0,12953.0,7.0,0.0
21027,20018.0,20131.0,20477.0,21124.0,8.0,0.0
21029,72738.0,80269.0,81676.0,84863.0,1.0,1.0
21031,12745.0,12778.0,12879.0,12375.0,3.0,1.0
21033,12985.0,12666.0,12747.0,12551.0,7.0,0.0
21035,36686.0,38832.0,39001.0,38280.0,7.0,0.0
21037,88548.0,92878.0,93584.0,93702.0,1.0,1.0
21039,5093.0,4788.0,4760.0,4704.0,9.0,0.0
21041,10744.0,10714.0,10631.0,10987.0,6.0,0.0
21043,27752.0,27214.0,26797.0,26366.0,6.0,0.0
21045,15970.0,15818.0,16159.0,15918.0,9.0,0.0
21047,72034.0,71024.0,70461.0,72032.0,2.0,1.0
21049,35256.0,35899.0,36263.0,37304.0,2.0,1.0
21051,22289.0,20251.0,19901.0,19648.0,7.0,0.0
21053,10253.0,10212.0,10218.0,9148.0,9.0,0.0
21055,9408.0,8999.0,8806.0,8974.0,7.0,0.0
21057,6917.0,6710.0,6614.0,6000.0,9.0,0.0
21059,95411.0,100461.0,101511.0,103458.0,3.0,1.0
21061,12127.0,12226.0,12150.0,12448.0,3.0,1.0
21063,7556.0,7493.0,7517.0,7245.0,9.0,0.0
21065,14752.0,14178.0,14106.0,13936.0,6.0,0.0
21067,287683.0,321964.0,323152.0,320154.0,2.0,1.0
21069,14345.0,14439.0,14581.0,15442.0,7.0,0.0
21071,39964.0,36296.0,35589.0,34423.0,7.0,0.0
21073,49301.0,50492.0,50991.0,51644.0,4.0,0.0
21075,6945.0,6163.0,5969.0,6338.0,9.0,0.0
21077,8420.0,8720.0,8869.0,8792.0,1.0,1.0
21079,16906.0,17449.0,17666.0,17829.0,6.0,0.0
21081,24856.0,24973.0,25069.0,25619.0,1.0,1.0
21083,36862.0,37190.0,37266.0,36461.0,7.0,0.0
21085,25558.0,26286.0,26427.0,26825.0,6.0,0.0
21087,11432.0,11036.0,10941.0,11468.0,8.0,0.0
21089,37106.0,35514.0,35098.0,35221.0,2.0,1.0
21091,8567.0,8778.0,8722.0,8920.0,3.0,1.0
21093,99926.0,108161.0,110958.0,112273.0,3.0,1.0
21095,29591.0,26676.0,26010.0,25324.0,7.0,0.0
21097,18876.0,18735.0,18886.0,19415.0,6.0,0.0
21099,18320.0,18745.0,19035.0,19724.0,8.0,0.0
21101,46046.0,45867.0,45210.0,44119.0,2.0,1.0
21103,15511.0,15972.0,16126.0,15973.0,1.0,1.0
21105,4957.0,4518.0,4380.0,4447.0,9.0,0.0
21107,47051.0,45293.0,44686.0,44929.0,5.0,0.0
21109,13650.0,13422.0,13329.0,13104.0,9.0,0.0
21111,730194.0,769828.0,766757.0,772144.0,1.0,1.0
21113,47429.0,53259.0,54115.0,55017.0,2.0,1.0
21115,23256.0,22606.0,22188.0,22116.0,7.0,0.0
21117,158258.0,165608.0,166998.0,171321.0,1.0,1.0
21119,16616.0,15244.0,14806.0,13659.0,9.0,0.0
21121,31746.0,31444.0,31145.0,29794.0,7.0,0.0
21123,14100.0,14196.0,14398.0,15303.0,3.0,1.0
21125,58142.0,60317.0,60813.0,63296.0,5.0,0.0
21127,15867.0,15756.0,15317.0,16000.0,6.0,0.0
21129,7859.0,6602.0,7403.0,7293.0,9.0,0.0
21131,11465.0,10310.0,9877.0,9864.0,9.0,0.0
21133,24363.0,22303.0,21553.0,20423.0,9.0,0.0
21135,13997.0,13363.0,13275.0,12973.0,8.0,0.0
21137,24664.0,24495.0,24549.0,24776.0,7.0,0.0
21139,9458.0,9249.0,9194.0,8892.0,9.0,0.0
21141,26802.0,27003.0,27102.0,28283.0,6.0,0.0
21143,8374.0,8261.0,8210.0,9187.0,9.0,0.0
21145,65287.0,65364.0,65418.0,67428.0,5.0,0.0
21147,18144.0,17372.0,17231.0,17050.0,9.0,0.0
21149,9673.0,9216.0,9207.0,9054.0,3.0,1.0
21151,81521.0,91170.0,92987.0,96735.0,4.0,0.0
21153,13233.0,12519.0,12161.0,11228.0,9.0,0.0
21155,19647.0,19276.0,19273.0,19834.0,7.0,0.0
21157,31418.0,31318.0,31100.0,31744.0,7.0,0.0
21159,13160.0,11492.0,11195.0,10928.0,9.0,0.0
21161,17454.0,17192.0,17070.0,16841.0,6.0,0.0
21163,28962.0,28033.0,28572.0,30131.0,3.0,1.0
21165,6457.0,6465.0,6489.0,6286.0,9.0,0.0
21167,21273.0,21542.0,21933.0,23097.0,6.0,0.0
21169,10166.0,10093.0,10071.0,10482.0,9.0,0.0
21171,10990.0,10597.0,10650.0,11306.0,8.0,0.0
21173,25981.0,27913.0,28157.0,28527.0,6.0,0.0
21175,14055.0,13230.0,13309.0,14283.0,9.0,0.0
21177,31486.0,30925.0,30622.0,30568.0,6.0,0.0
21179,42588.0,45591.0,46233.0,47730.0,6.0,0.0
21181,7135.0,7160.0,7269.0,7686.0,8.0,0.0
21183,24025.0,24116.0,23994.0,23626.0,6.0,0.0
21185,59375.0,66557.0,66799.0,70183.0,1.0,1.0
21187,11010.0,10794.0,10901.0,11313.0,8.0,0.0
21189,4761.0,4402.0,4415.0,4001.0,9.0,0.0
21191,14867.0,14602.0,14590.0,14810.0,1.0,1.0
21193,28686.0,26586.0,25758.0,27133.0,7.0,0.0
21195,65275.0,58905.0,57876.0,55973.0,7.0,0.0
21197,12794.0,12297.0,12359.0,12972.0,6.0,0.0
21199,62270.0,64314.0,64979.0,66191.0,5.0,0.0
21201,2272.0,2120.0,2108.0,2313.0,8.0,0.0
21203,17216.0,16778.0,16695.0,16190.0,7.0,0.0
21205,23097.0,24514.0,24460.0,24409.0,7.0,0.0
21207,17529.0,17723.0,17923.0,18279.0,9.0,0.0
21209,45157.0,54782.0,57004.0,60168.0,2.0,1.0
21211,41044.0,47209.0,49024.0,49515.0,1.0,1.0
21213,17182.0,18046.0,18572.0,20195.0,6.0,0.0
21215,16845.0,18619.0,19351.0,20531.0,1.0,1.0
21217,24256.0,25544.0,25769.0,26443.0,7.0,0.0
21219,12340.0,12177.0,12294.0,12494.0,8.0,0.0
21221,14153.0,14418.0,14651.0,14369.0,2.0,1.0
21223,8950.0,8521.0,8471.0,8607.0,1.0,1.0
21225,15072.0,14620.0,14381.0,13106.0,6.0,0.0
21227,109803.0,129074.0,132896.0,142229.0,3.0,1.0
21229,11551.0,11880.0,12095.0,12267.0,9.0,0.0
21231,20757.0,20628.0,20333.0,19580.0,7.0,0.0
21233,13646.0,13012.0,12942.0,12726.0,8.0,0.0
21235,36163.0,36074.0,36264.0,36825.0,7.0,0.0
21237,7294.0,7248.0,7157.0,6282.0,9.0,0.0
21239,24541.0,26385.0,26734.0,27268.0,2.0,1.0
22001,61115.0,62559.0,62045.0,56489.0,2.0,1.0
22003,25854.0,25583.0,25627.0,22112.0,6.0,0.0
22005,102891.0,123177.0,126604.0,131632.0,2.0,1.0
22007,23534.0,22568.0,21891.0,20160.0,6.0,0.0
22009,42040.0,40836.0,40144.0,38408.0,6.0,0.0
22011,34893.0,36847.0,37497.0,36827.0,6.0,0.0
22013,14494.0,13631.0,13241.0,12366.0,6.0,0.0
22015,113824.0,126959.0,127039.0,129795.0,2.0,1.0
22017,251953.0,245935.0,240204.0,226386.0,2.0,1.0
22019,188928.0,202466.0,203436.0,203761.0,3.0,1.0
22021,10224.0,9959.0,9918.0,9389.0,8.0,0.0
22023,7434.0,6944.0,6973.0,4768.0,3.0,1.0
22025,10567.0,9830.0,9494.0,8414.0,9.0,0.0
22027,17169.0,15953.0,15670.0,13670.0,6.0,0.0
22029,20420.0,19846.0,19259.0,17688.0,7.0,0.0
22031,26590.0,27267.0,27463.0,27114.0,2.0,1.0
22033,433723.0,444511.0,440059.0,448467.0,2.0,1.0
22035,7939.0,7111.0,6861.0,6829.0,7.0,0.0
22037,20415.0,19380.0,19135.0,19229.0,2.0,1.0
22039,34316.0,33663.0,33395.0,31754.0,6.0,0.0
22041,20758.0,20256.0,20015.0,19285.0,7.0,0.0
22043,21657.0,22296.0,22389.0,21911.0,3.0,1.0
22045,73522.0,71982.0,69830.0,67659.0,2.0,1.0
22047,33685.0,32906.0,32511.0,29617.0,2.0,1.0
22049,16105.0,15898.0,15744.0,14746.0,6.0,0.0
22051,431759.0,436126.0,432493.0,421777.0,1.0,1.0
22053,31497.0,31480.0,31368.0,31553.0,6.0,0.0
22055,215139.0,241756.0,244390.0,249750.0,2.0,1.0
22057,95603.0,98123.0,97614.0,95056.0,3.0,1.0
22059,14667.0,14887.0,14892.0,14800.0,6.0,0.0
22061,45726.0,47471.0,46742.0,47962.0,4.0,0.0
22063,123962.0,137712.0,140789.0,150145.0,2.0,1.0
22065,12340.0,11342.0,10951.0,9246.0,7.0,0.0
22067,28311.0,25655.0,24874.0,23955.0,6.0,0.0
22069,39244.0,39042.0,38158.0,36291.0,6.0,0.0
22071,301842.0,391493.0,390144.0,364136.0,1.0,1.0
22073,151727.0,155841.0,153279.0,157568.0,3.0,1.0
22075,22677.0,23348.0,23197.0,22386.0,1.0,1.0
22077,22966.0,22164.0,21730.0,20000.0,2.0,1.0
22079,130785.0,131253.0,129648.0,126260.0,3.0,1.0
22081,9185.0,8527.0,8442.0,7356.0,8.0,0.0
22083,20727.0,20413.0,20122.0,19712.0,6.0,0.0
22085,24124.0,23909.0,23884.0,21906.0,6.0,0.0
22087,28879.0,46110.0,47244.0,44463.0,1.0,1.0
22089,52516.0,52620.0,53100.0,50620.0,1.0,1.0
22091,11106.0,10322.0,10132.0,10774.0,2.0,1.0
22093,22095.0,21380.0,21096.0,19191.0,1.0,1.0
22095,46811.0,43328.0,42837.0,39592.0,1.0,1.0
22097,84427.0,83535.0,82124.0,81464.0,4.0,0.0
22099,51914.0,54066.0,53431.0,51057.0,2.0,1.0
22101,54352.0,50708.0,49348.0,47055.0,4.0,0.0
22103,229252.0,255921.0,260419.0,275583.0,1.0,1.0
22105,118621.0,132353.0,134758.0,138064.0,3.0,1.0
22107,5376.0,4574.0,4334.0,3764.0,9.0,0.0
22109,111453.0,111823.0,110461.0,103616.0,3.0,1.0
22111,22698.0,22398.0,22108.0,20650.0,3.0,1.0
22113,57421.0,59936.0,59511.0,56992.0,2.0,1.0
22115,48007.0,49789.0,47429.0,46250.0,5.0,0.0
22117,47000.0,46649.0,46194.0,44865.0,6.0,0.0
22119,41240.0,39264.0,38340.0,35238.0,2.0,1.0
22121,23252.0,26184.0,26465.0,28266.0,2.0,1.0
22123,11670.0,10974.0,10830.0,9323.0,9.0,0.0
22125,15767.0,15371.0,15568.0,15371.0,2.0,1.0
22127,15398.0,14350.0,13904.0,13216.0,6.0,0.0
23001,108284.0,107399.0,108277.0,113765.0,3.0,1.0
23003,72542.0,67609.0,67055.0,67351.0,7.0,0.0
23005,280681.0,292181.0,295003.0,310230.0,2.0,1.0
23007,30652.0,29799.0,30199.0,30828.0,6.0,0.0
23009,54371.0,54539.0,54987.0,56526.0,6.0,0.0
23011,122147.0,121913.0,122302.0,127259.0,4.0,0.0
23013,40225.0,39759.0,39772.0,40977.0,7.0,0.0
23015,34768.0,34215.0,34634.0,36507.0,8.0,0.0
23017,58138.0,57534.0,57975.0,59905.0,6.0,0.0
23019,153372.0,151645.0,152148.0,155312.0,3.0,1.0
23021,17534.0,16804.0,16785.0,17486.0,8.0,0.0
23023,35860.0,35436.0,35856.0,37513.0,2.0,1.0
23025,52316.0,50351.0,50484.0,51302.0,6.0,0.0
23027,38680.0,39772.0,39715.0,40620.0,6.0,0.0
23029,33289.0,31374.0,31379.0,31555.0,7.0,0.0
23031,197650.0,204282.0,207641.0,218586.0,2.0,1.0
24001,74638.0,71352.0,70416.0,67273.0,3.0,1.0
24003,525304.0,571339.0,579234.0,594582.0,1.0,1.0
24005,798651.0,828645.0,827370.0,844703.0,1.0,1.0
24009,87788.0,91435.0,92525.0,94728.0,1.0,1.0
24011,32983.0,33096.0,33406.0,33593.0,6.0,0.0
24013,167433.0,167547.0,168447.0,176639.0,1.0,1.0
24015,100232.0,102394.0,102855.0,105672.0,1.0,1.0
24017,143783.0,159450.0,163257.0,171973.0,1.0,1.0
24019,32466.0,32105.0,31929.0,32879.0,6.0,0.0
24021,229286.0,250622.0,259547.0,293391.0,1.0,1.0
24023,30222.0,29242.0,29014.0,28423.0,6.0,0.0
24025,242779.0,251858.0,255441.0,264644.0,1.0,1.0
24027,278405.0,319251.0,325690.0,336001.0,1.0,1.0
24029,20150.0,19442.0,19422.0,19303.0,6.0,0.0
24031,942748.0,1046822.0,1050688.0,1058474.0,1.0,1.0
24033,850167.0,909705.0,909327.0,947430.0,1.0,1.0
24035,47063.0,49586.0,50381.0,52508.0,1.0,1.0
24037,101921.0,112487.0,113510.0,115281.0,3.0,1.0
24039,26474.0,25896.0,25616.0,24910.0,2.0,1.0
24041,37307.0,37033.0,37181.0,37823.0,6.0,0.0
24043,146674.0,150169.0,151049.0,155813.0,2.0,1.0
24045,97111.0,102252.0,103609.0,104800.0,2.0,1.0
24047,51196.0,51659.0,52276.0,54171.0,2.0,1.0
24510,620184.0,610481.0,593490.0,565239.0,1.0,1.0
25001,217066.0,213581.0,212990.0,231735.0,3.0,1.0
25003,131372.0,126353.0,124944.0,126818.0,3.0,1.0
25005,546456.0,560941.0,565217.0,581841.0,1.0,1.0
25007,16132.0,17311.0,17332.0,20819.0,7.0,0.0
25009,734361.0,784453.0,789034.0,810089.0,1.0,1.0
25011,71571.0,70605.0,70180.0,70836.0,4.0,0.0
25013,462053.0,467705.0,466372.0,460291.0,2.0,1.0
25015,157615.0,161077.0,160830.0,162502.0,2.0,1.0
25017,1477049.0,1603943.0,1611699.0,1623952.0,1.0,1.0
25019,10170.0,11205.0,11399.0,14444.0,7.0,0.0
25021,661703.0,700599.0,706775.0,727473.0,1.0,1.0
25023,490371.0,515461.0,521202.0,535308.0,1.0,1.0
25025,702201.0,800806.0,803907.0,768425.0,1.0,1.0
25027,790847.0,825749.0,830622.0,866866.0,2.0,1.0
26001,11286.0,10309.0,10405.0,10489.0,9.0,0.0
26003,9647.0,9144.0,9108.0,8757.0,7.0,0.0
26005,111589.0,116368.0,118081.0,121939.0,4.0,0.0
26007,30119.0,28428.0,28405.0,28904.0,7.0,0.0
26009,24047.0,23270.0,23324.0,24409.0,9.0,0.0
26011,16547.0,15014.0,14883.0,15145.0,8.0,0.0
26013,8822.0,8441.0,8209.0,8310.0,9.0,0.0
26015,59788.0,60682.0,61550.0,63808.0,2.0,1.0
26017,108320.0,104045.0,103126.0,102500.0,3.0,1.0
26019,17733.0,17624.0,17766.0,18441.0,9.0,0.0
26021,157380.0,154128.0,153401.0,152261.0,3.0,1.0
26023,46305.0,43375.0,43517.0,45215.0,6.0,0.0
26025,137313.0,134180.0,134159.0,133366.0,3.0,1.0
26027,52684.0,51481.0,51787.0,51642.0,2.0,1.0
26029,26280.0,26212.0,26143.0,26159.0,7.0,0.0
26031,26738.0,25454.0,25276.0,26048.0,7.0,0.0
26033,39247.0,37679.0,37349.0,36264.0,7.0,0.0
26035,31064.0,30565.0,30950.0,31316.0,6.0,0.0
26037,74302.0,78506.0,79595.0,79720.0,2.0,1.0
26039,14379.0,13906.0,14029.0,13538.0,7.0,0.0
26041,37409.0,35890.0,35784.0,36790.0,5.0,0.0
26043,26622.0,25424.0,25239.0,25982.0,7.0,0.0
26045,108021.0,109456.0,110268.0,108820.0,2.0,1.0
26047,32852.0,33081.0,33415.0,34123.0,7.0,0.0
26049,433082.0,407488.0,405813.0,401522.0,2.0,1.0
26051,25956.0,25241.0,25449.0,25853.0,6.0,0.0
26053,16499.0,15340.0,13975.0,14224.0,7.0,0.0
26055,86209.0,91791.0,93088.0,96421.0,5.0,0.0
26057,42774.0,40979.0,40711.0,41368.0,6.0,0.0
26059,46951.0,45820.0,45605.0,45587.0,6.0,0.0
26061,36292.0,36198.0,35684.0,37599.0,5.0,0.0
26063,33504.0,31306.0,30981.0,30927.0,7.0,0.0
26065,281315.0,292018.0,292406.0,284637.0,2.0,1.0
26067,65167.0,64284.0,64697.0,66262.0,4.0,0.0
26069,26542.0,25128.0,25127.0,25373.0,7.0,0.0
26071,12081.0,11105.0,11066.0,11740.0,7.0,0.0
26073,69328.0,71077.0,69872.0,64118.0,4.0,0.0
26075,160825.0,158563.0,158510.0,159424.0,3.0,1.0
26077,246862.0,262998.0,265066.0,262215.0,2.0,1.0
26079,17546.0,17571.0,18038.0,18490.0,7.0,0.0
26081,599234.0,649278.0,656955.0,661354.0,2.0,1.0
26083,2119.0,2085.0,2116.0,2172.0,9.0,0.0
26085,11629.0,11981.0,11853.0,12734.0,9.0,0.0
26087,89914.0,88122.0,87607.0,88977.0,1.0,1.0
26089,21731.0,21645.0,21761.0,23019.0,9.0,0.0
26091,101169.0,98427.0,98451.0,97520.0,4.0,0.0
26093,181171.0,189869.0,191995.0,196757.0,1.0,1.0
26095,6680.0,6370.0,6229.0,6435.0,7.0,0.0
26097,11248.0,10768.0,10799.0,10851.0,7.0,0.0
26099,837857.0,871364.0,873972.0,875101.0,1.0,1.0
26101,24960.0,24393.0,24558.0,25562.0,7.0,0.0
26103,66539.0,66493.0,66699.0,66999.0,5.0,0.0
26105,28668.0,28996.0,29144.0,29159.0,7.0,0.0
26107,42683.0,43258.0,43453.0,41099.0,6.0,0.0
26109,24317.0,22981.0,22780.0,22945.0,7.0,0.0
26111,83605.0,83314.0,83156.0,84039.0,3.0,1.0
26113,15028.0,15020.0,15118.0,15311.0,9.0,0.0
26115,152806.0,149449.0,150500.0,155045.0,3.0,1.0
26117,63635.0,63527.0,63888.0,68154.0,2.0,1.0
26119,9922.0,9233.0,9328.0,9678.0,9.0,0.0
26121,173846.0,173645.0,173566.0,176564.0,3.0,1.0
26123,49153.0,48320.0,48980.0,51108.0,6.0,0.0
26125,1199545.0,1256016.0,1257584.0,1270426.0,1.0,1.0
26127,27120.0,26422.0,26467.0,26981.0,6.0,0.0
26129,21885.0,20882.0,20997.0,20990.0,9.0,0.0
26131,6922.0,5889.0,5720.0,5906.0,9.0,0.0
26133,23662.0,23267.0,23460.0,23330.0,9.0,0.0
26135,8963.0,8238.0,8241.0,8545.0,9.0,0.0
26137,24378.0,24528.0,24668.0,25747.0,7.0,0.0
26139,261906.0,286581.0,291830.0,303372.0,2.0,1.0
26141,13701.0,12742.0,12592.0,13285.0,7.0,0.0
26143,24856.0,23731.0,24019.0,23863.0,7.0,0.0
26145,201966.0,191965.0,190539.0,187782.0,3.0,1.0
26147,165959.0,159005.0,159128.0,159874.0,1.0,1.0
26149,62083.0,60710.0,60964.0,60878.0,4.0,0.0
26151,44177.0,41242.0,41170.0,40368.0,6.0,0.0
26153,8471.0,8013.0,8094.0,8149.0,7.0,0.0
26155,71523.0,68400.0,68122.0,68025.0,4.0,0.0
26157,56512.0,52815.0,52245.0,52826.0,6.0,0.0
26159,76501.0,75303.0,75677.0,75798.0,2.0,1.0
26161,341595.0,368807.0,367601.0,365536.0,2.0,1.0
26163,1865058.0,1757217.0,1749343.0,1751169.0,1.0,1.0
26165,32765.0,33234.0,33631.0,34122.0,7.0,0.0
27001,16422.0,15792.0,15886.0,16102.0,8.0,0.0
27003,327427.0,350203.0,356921.0,372441.0,1.0,1.0
27005,32244.0,34082.0,34423.0,35283.0,6.0,0.0
27007,43815.0,46477.0,47188.0,46718.0,7.0,0.0
27009,38200.0,40135.0,40889.0,41600.0,3.0,1.0
27011,5328.0,5004.0,4991.0,5105.0,9.0,0.0
27013,62860.0,66916.0,67653.0,70006.0,3.0,1.0
27015,25992.0,25172.0,25008.0,25628.0,6.0,0.0
27017,34986.0,35509.0,35871.0,36825.0,2.0,1.0
27019,88812.0,102118.0,105089.0,111057.0,1.0,1.0
27021,28733.0,29324.0,29779.0,31446.0,9.0,0.0
27023,12376.0,11944.0,11800.0,12172.0,7.0,0.0
27025,53012.0,55257.0,56579.0,58535.0,1.0,1.0
27027,57056.0,63766.0,64222.0,66258.0,3.0,1.0
27029,8603.0,8845.0,8818.0,8644.0,8.0,0.0
27031,5255.0,5411.0,5463.0,5639.0,9.0,0.0
27033,11701.0,11249.0,11196.0,11319.0,7.0,0.0
27035,62178.0,64278.0,65055.0,68304.0,4.0,0.0
27037,393900.0,421518.0,429021.0,447440.0,1.0,1.0
27039,19876.0,20696.0,20934.0,21088.0,3.0,1.0
27041,36108.0,37520.0,38141.0,39953.0,6.0,0.0
27043,14790.0,13768.0,13653.0,13873.0,6.0,0.0
27045,20991.0,20980.0,21067.0,21522.0,3.0,1.0
27047,31270.0,30582.0,30281.0,30515.0,7.0,0.0
27049,45919.0,46307.0,46340.0,48035.0,4.0,0.0
27051,6113.0,5916.0,5972.0,6139.0,9.0,0.0
27053,1135173.0,1247847.0,1265843.0,1258713.0,1.0,1.0
27055,19159.0,18677.0,18600.0,18582.0,3.0,1.0
27057,20346.0,20965.0,21491.0,22132.0,7.0,0.0
27059,37851.0,39543.0,40596.0,43182.0,1.0,1.0
27061,44852.0,45088.0,45130.0,45365.0,6.0,0.0
27063,10364.0,9965.0,9846.0,9919.0,7.0,0.0
27065,16535.0,16060.0,16337.0,16602.0,6.0,0.0
27067,41840.0,42778.0,43199.0,43813.0,4.0,0.0
27069,4614.0,4261.0,4298.0,4060.0,9.0,0.0
27071,13432.0,12506.0,12229.0,11751.0,6.0,0.0
27073,7342.0,6683.0,6623.0,6630.0,9.0,0.0
27075,10872.0,10493.0,10641.0,10855.0,6.0,0.0
27077,4128.0,3727.0,3740.0,3778.0,9.0,0.0
27079,27816.0,28210.0,28887.0,29255.0,1.0,1.0
27081,5937.0,5665.0,5639.0,5521.0,9.0,0.0
27083,25646.0,25929.0,25474.0,25427.0,7.0,0.0
27085,36917.0,35876.0,35893.0,36785.0,6.0,0.0
27087,5386.0,5567.0,5527.0,5280.0,8.0,0.0
27089,9551.0,9361.0,9336.0,8810.0,8.0,0.0
27091,20914.0,19866.0,19683.0,19657.0,7.0,0.0
27093,23454.0,23047.0,23222.0,23490.0,6.0,0.0
27095,26171.0,25861.0,26277.0,27427.0,1.0,1.0
27097,33267.0,33084.0,33386.0,34250.0,6.0,0.0
27099,38695.0,39773.0,40062.0,40058.0,4.0,0.0
27101,8755.0,8332.0,8194.0,8049.0,9.0,0.0
27103,32261.0,34052.0,34274.0,34242.0,3.0,1.0
27105,21126.0,21671.0,21629.0,21727.0,7.0,0.0
27107,6842.0,6589.0,6375.0,6329.0,8.0,0.0
27109,141527.0,154727.0,158293.0,164784.0,3.0,1.0
27111,57691.0,58219.0,58746.0,60626.0,6.0,0.0
27113,13842.0,14178.0,14119.0,13714.0,6.0,0.0
27115,29614.0,29159.0,29579.0,30197.0,6.0,0.0
27117,9631.0,9157.0,9126.0,9245.0,6.0,0.0
27119,31175.0,31637.0,31364.0,30412.0,3.0,1.0
27121,11084.0,10988.0,11249.0,11400.0,8.0,0.0
27123,502890.0,544886.0,550321.0,536075.0,1.0,1.0
27125,4097.0,4009.0,4055.0,3911.0,8.0,0.0
27127,16103.0,15244.0,15170.0,15288.0,7.0,0.0
27129,15911.0,14693.0,14548.0,14348.0,8.0,0.0
27131,63061.0,66196.0,66972.0,67948.0,4.0,0.0
27133,9597.0,9459.0,9315.0,9551.0,6.0,0.0
27135,15935.0,15305.0,15165.0,15252.0,7.0,0.0
27137,199745.0,199778.0,199070.0,200514.0,2.0,1.0
27139,126613.0,145535.0,149013.0,155814.0,1.0,1.0
27141,87495.0,94476.0,97238.0,102206.0,1.0,1.0
27143,15283.0,14899.0,14865.0,15084.0,1.0,1.0
27145,148307.0,158301.0,161075.0,160977.0,3.0,1.0
27147,36558.0,36787.0,36649.0,37421.0,5.0,0.0
27149,9711.0,9706.0,9805.0,9728.0,7.0,0.0
27151,9966.0,9387.0,9266.0,9719.0,7.0,0.0
27153,24859.0,24526.0,24664.0,25667.0,6.0,0.0
27155,3637.0,3304.0,3259.0,3136.0,9.0,0.0
27157,21787.0,21590.0,21627.0,21683.0,3.0,1.0
27159,13844.0,13647.0,13682.0,14241.0,7.0,0.0
27161,19311.0,18713.0,18612.0,18981.0,6.0,0.0
27163,233306.0,255464.0,262440.0,278936.0,1.0,1.0
27165,11120.0,10934.0,10897.0,11077.0,6.0,0.0
27167,6622.0,6322.0,6207.0,6306.0,6.0,0.0
27169,51457.0,50718.0,50484.0,49721.0,4.0,0.0
27171,121553.0,134205.0,138377.0,151150.0,1.0,1.0
27173,10473.0,9836.0,9709.0,9467.0,9.0,0.0
28001,32629.0,31462.0,30693.0,28746.0,5.0,0.0
28003,36793.0,37165.0,36953.0,34135.0,7.0,0.0
28005,13324.0,12448.0,12297.0,12442.0,8.0,0.0
28007,19622.0,18467.0,18174.0,17359.0,6.0,0.0
28009,8769.0,8255.0,8259.0,7438.0,1.0,1.0
28011,35032.0,31718.0,30628.0,28968.0,7.0,0.0
28013,14912.0,14508.0,14361.0,12685.0,9.0,0.0
28015,10694.0,10094.0,9947.0,9535.0,9.0,0.0
28017,17639.0,17144.0,17103.0,16866.0,7.0,0.0
28019,8703.0,8240.0,8210.0,8088.0,9.0,0.0
28021,9940.0,9026.0,8988.0,8617.0,8.0,0.0
28023,16772.0,15805.0,15541.0,15228.0,9.0,0.0
28025,20878.0,19621.0,19316.0,18206.0,7.0,0.0
28027,26549.0,23214.0,22124.0,20077.0,7.0,0.0
28029,29584.0,28528.0,28065.0,27664.0,2.0,1.0
28031,19594.0,19014.0,18636.0,18059.0,8.0,0.0
28033,156214.0,179005.0,184945.0,193247.0,1.0,1.0
28035,74196.0,75155.0,74897.0,78208.0,3.0,1.0
28037,8136.0,7754.0,7713.0,7610.0,9.0,0.0
28039,22193.0,23951.0,24500.0,25619.0,6.0,0.0
28041,14293.0,13529.0,13586.0,13601.0,8.0,0.0
28043,22194.0,21037.0,20758.0,21065.0,7.0,0.0
28045,42764.0,46949.0,47632.0,46159.0,2.0,1.0
28047,182735.0,204966.0,208080.0,210612.0,2.0,1.0
28049,244695.0,239929.0,231840.0,214870.0,2.0,1.0
28051,19755.0,17849.0,17010.0,15777.0,6.0,0.0
28053,9691.0,8333.0,8064.0,7216.0,6.0,0.0
28055,1521.0,1341.0,1327.0,1256.0,8.0,0.0
28057,23412.0,23499.0,23390.0,24093.0,7.0,0.0
28059,137791.0,142246.0,143617.0,146389.0,2.0,1.0
28061,17550.0,16574.0,16383.0,16013.0,9.0,0.0
28063,7927.0,7227.0,6990.0,6941.0,8.0,0.0
28065,12636.0,11284.0,11128.0,10969.0,8.0,0.0
28067,67318.0,68364.0,68098.0,66250.0,4.0,0.0
28069,10392.0,10093.0,9742.0,8584.0,9.0,0.0
28071,45781.0,54178.0,54019.0,58467.0,4.0,0.0
28073,52772.0,61536.0,63343.0,66217.0,3.0,1.0
28075,79665.0,76309.0,74125.0,70527.0,5.0,0.0
28077,13038.0,12629.0,12586.0,11741.0,8.0,0.0
28079,23641.0,22819.0,22786.0,21258.0,6.0,0.0
28081,81501.0,85071.0,85436.0,82799.0,5.0,0.0
28083,33329.0,29292.0,28183.0,26378.0,5.0,0.0
28085,34724.0,34340.0,34153.0,34702.0,6.0,0.0
28087,59160.0,59147.0,58595.0,57283.0,5.0,0.0
28089,92274.0,104584.0,106272.0,112511.0,2.0,1.0
28091,26825.0,25108.0,24573.0,24224.0,6.0,0.0
28093,37351.0,35590.0,35294.0,34123.0,1.0,1.0
28095,37453.0,35851.0,35252.0,33609.0,7.0,0.0
28097,11067.0,10143.0,9775.0,9600.0,7.0,0.0
28099,29562.0,29435.0,29118.0,28789.0,7.0,0.0
28101,21851.0,21396.0,21018.0,21019.0,7.0,0.0
28103,11823.0,10711.0,10417.0,9914.0,7.0,0.0
28105,46470.0,49678.0,49587.0,51203.0,5.0,0.0
28107,34923.0,34158.0,34192.0,32669.0,6.0,0.0
28109,56538.0,55255.0,55535.0,57978.0,6.0,0.0
28111,12337.0,12014.0,11973.0,11315.0,3.0,1.0
28113,40290.0,39510.0,39288.0,39394.0,6.0,0.0
28115,29475.0,31709.0,32174.0,31535.0,7.0,0.0
28117,25481.0,25215.0,25126.0,25135.0,7.0,0.0
28119,8501.0,7208.0,6792.0,5546.0,6.0,0.0
28121,139136.0,152904.0,155271.0,160417.0,2.0,1.0
28123,28098.0,28436.0,28124.0,27507.0,6.0,0.0
28125,5191.0,4415.0,4321.0,3336.0,8.0,0.0
28127,27682.0,26905.0,26658.0,25715.0,2.0,1.0
28129,16345.0,16073.0,15916.0,14099.0,8.0,0.0
28131,17084.0,18593.0,18336.0,18756.0,6.0,0.0
28133,30614.0,26142.0,25110.0,24468.0,7.0,0.0
28135,15225.0,14094.0,13809.0,11837.0,7.0,0.0
28137,28222.0,28581.0,28321.0,28261.0,1.0,1.0
28139,21982.0,21953.0,22015.0,21287.0,6.0,0.0
28141,19524.0,19518.0,19383.0,18507.0,8.0,0.0
28143,10910.0,9984.0,9632.0,9234.0,1.0,1.0
28145,26931.0,28486.0,28815.0,28284.0,6.0,0.0
28147,15622.0,14505.0,14286.0,13863.0,9.0,0.0
28149,48457.0,46682.0,45381.0,42298.0,4.0,0.0
28151,52236.0,46197.0,43909.0,41946.0,5.0,0.0
28153,20963.0,20430.0,20183.0,19703.0,7.0,0.0
28155,10204.0,9732.0,9689.0,9988.0,9.0,0.0
28157,10061.0,8855.0,8630.0,8058.0,8.0,0.0
28159,19342.0,18237.0,17955.0,17416.0,7.0,0.0
28161,12857.0,12449.0,12108.0,12386.0,7.0,0.0
28163,28441.0,28659.0,29690.0,25796.0,2.0,1.0
29001,25399.0,25429.0,25343.0,25122.0,7.0,0.0
29003,16924.0,17474.0,17712.0,18127.0,3.0,1.0
29005,5798.0,5243.0,5143.0,5107.0,9.0,0.0
29007,25774.0,25590.0,25388.0,24394.0,6.0,0.0
29009,35935.0,35631.0,35789.0,35265.0,6.0,0.0
29011,12589.0,11793.0,11754.0,11731.0,6.0,0.0
29013,17194.0,16293.0,16172.0,16242.0,1.0,1.0
29015,19046.0,19072.0,19443.0,20552.0,7.0,0.0
29017,12429.0,12280.0,12133.0,10544.0,3.0,1.0
29019,158089.0,178012.0,180463.0,189463.0,3.0,1.0
29021,88317.0,88660.0,87364.0,82956.0,3.0,1.0
29023,42351.0,42618.0,42478.0,41948.0,5.0,0.0
29025,9359.0,9059.0,9020.0,8955.0,1.0,1.0
29027,43855.0,44982.0,44743.0,44731.0,3.0,1.0
29029,43462.0,45473.0,46305.0,44044.0,7.0,0.0
29031,74141.0,78261.0,78871.0,82984.0,3.0,1.0
29033,9451.0,8779.0,8679.0,8391.0,6.0,0.0
29035,6122.0,6179.0,5982.0,5303.0,9.0,0.0
29037,98095.0,103477.0,105780.0,111732.0,1.0,1.0
29039,14120.0,14070.0,14349.0,14672.0,6.0,0.0
29041,7829.0,7457.0,7426.0,7399.0,9.0,0.0
29043,74705.0,85392.0,88595.0,94422.0,2.0,1.0
29045,7168.0,6720.0,6797.0,6641.0,9.0,0.0
29047,215142.0,242527.0,249948.0,259772.0,1.0,1.0
29049,20781.0,20551.0,20387.0,21548.0,1.0,1.0
29051,74760.0,76632.0,76745.0,77278.0,3.0,1.0
29053,17502.0,17647.0,17709.0,16947.0,6.0,0.0
29055,24698.0,24107.0,23920.0,22719.0,6.0,0.0
29057,7951.0,7586.0,7561.0,7716.0,8.0,0.0
29059,16955.0,16699.0,16878.0,17768.0,2.0,1.0
29061,8330.0,8358.0,8278.0,8551.0,8.0,0.0
29063,12833.0,12532.0,12547.0,9899.0,3.0,1.0
29065,15495.0,15497.0,15573.0,14647.0,7.0,0.0
29067,13800.0,13276.0,13185.0,12228.0,6.0,0.0
29069,32158.0,30121.0,29131.0,27032.0,7.0,0.0
29071,101149.0,103315.0,103967.0,106404.0,1.0,1.0
29073,15309.0,14683.0,14706.0,14705.0,6.0,0.0
29075,6806.0,6634.0,6571.0,6287.0,8.0,0.0
29077,270901.0,289512.0,293086.0,304611.0,2.0,1.0
29079,10196.0,9991.0,9850.0,9815.0,7.0,0.0
29081,8956.0,8506.0,8352.0,8220.0,7.0,0.0
29083,22291.0,21695.0,21824.0,22485.0,6.0,0.0
29085,9592.0,9395.0,9544.0,8718.0,8.0,0.0
29087,4926.0,4407.0,4403.0,4248.0,8.0,0.0
29089,10138.0,10066.0,10001.0,10101.0,6.0,0.0
29091,39910.0,40074.0,40117.0,40735.0,7.0,0.0
29093,10667.0,10181.0,10125.0,9440.0,7.0,0.0
29095,665427.0,698072.0,703011.0,718560.0,1.0,1.0
29097,115144.0,120048.0,121328.0,125056.0,3.0,1.0
29099,216409.0,223769.0,225081.0,231230.0,1.0,1.0
29101,51889.0,53735.0,54062.0,54962.0,4.0,0.0
29103,4117.0,3970.0,3959.0,3723.0,9.0,0.0
29105,35518.0,35418.0,35723.0,36680.0,6.0,0.0
29107,33434.0,32579.0,32708.0,33196.0,1.0,1.0
29109,38508.0,38256.0,38355.0,38872.0,6.0,0.0
29111,10196.0,9952.0,9776.0,9818.0,9.0,0.0
29113,51847.0,56045.0,59013.0,64699.0,1.0,1.0
29115,12788.0,12168.0,11920.0,11791.0,7.0,0.0
29117,14929.0,15157.0,15227.0,14557.0,6.0,0.0
29119,22943.0,22722.0,22837.0,23903.0,2.0,1.0
29121,15512.0,15262.0,15117.0,15161.0,7.0,0.0
29123,12396.0,12230.0,12088.0,12698.0,6.0,0.0
29125,9191.0,8790.0,8697.0,8430.0,8.0,0.0
29127,28550.0,28585.0,28530.0,28336.0,5.0,0.0
29129,3748.0,3656.0,3617.0,3469.0,9.0,0.0
29131,24867.0,25202.0,25619.0,25590.0,6.0,0.0
29133,14087.0,13594.0,13180.0,11822.0,6.0,0.0
29135,15424.0,16047.0,16132.0,15256.0,3.0,1.0
29137,9157.0,8596.0,8644.0,8698.0,9.0,0.0
29139,12273.0,11378.0,11551.0,11459.0,6.0,0.0
29141,20745.0,20162.0,20627.0,21970.0,8.0,0.0
29143,18805.0,17544.0,17076.0,15424.0,7.0,0.0
29145,57600.0,58191.0,58236.0,60677.0,3.0,1.0
29147,23026.0,22401.0,22092.0,20695.0,6.0,0.0
29149,10697.0,10553.0,10529.0,8720.0,9.0,0.0
29151,13753.0,13658.0,13615.0,13468.0,3.0,1.0
29153,9718.0,9227.0,9174.0,8970.0,9.0,0.0
29155,18552.0,16783.0,15805.0,14613.0,7.0,0.0
29157,18976.0,19262.0,19136.0,18950.0,6.0,0.0
29159,41565.0,42445.0,42339.0,43530.0,4.0,0.0
29161,44200.0,44551.0,44573.0,45284.0,5.0,0.0
29163,18602.0,18557.0,18302.0,17935.0,6.0,0.0
29165,87003.0,101141.0,104418.0,111940.0,1.0,1.0
29167,30790.0,31742.0,32149.0,32780.0,2.0,1.0
29169,48300.0,51862.0,52607.0,53812.0,5.0,0.0
29171,5028.0,4778.0,4696.0,4638.0,9.0,0.0
29173,10117.0,10226.0,10309.0,10489.0,9.0,0.0
29175,25597.0,24899.0,24748.0,24109.0,6.0,0.0
29177,23764.0,22877.0,23018.0,23182.0,1.0,1.0
29179,6688.0,6260.0,6270.0,5950.0,9.0,0.0
29181,14039.0,13565.0,13288.0,10806.0,9.0,0.0
29183,351179.0,395130.0,402022.0,416659.0,1.0,1.0
29185,9757.0,9365.0,9397.0,9752.0,8.0,0.0
29186,18186.0,17792.0,17894.0,18642.0,6.0,0.0
29187,64280.0,66674.0,67215.0,67058.0,4.0,0.0
29189,998331.0,996227.0,994205.0,987059.0,1.0,1.0
29195,22967.0,22910.0,22761.0,23049.0,6.0,0.0
29197,4383.0,4518.0,4660.0,4053.0,9.0,0.0
29199,4818.0,4948.0,4902.0,4676.0,9.0,0.0
29201,39293.0,38576.0,38280.0,37889.0,4.0,0.0
29203,8420.0,8235.0,8166.0,7238.0,9.0,0.0
29205,6421.0,5995.0,5930.0,5931.0,9.0,0.0
29207,30062.0,29364.0,29025.0,28397.0,6.0,0.0
29209,32119.0,31642.0,31952.0,32658.0,6.0,0.0
29211,6736.0,6212.0,6089.0,5797.0,9.0,0.0
29213,49711.0,55100.0,55928.0,56775.0,4.0,0.0
29215,25597.0,25650.0,25398.0,25619.0,9.0,0.0
29217,20891.0,20507.0,20563.0,19710.0,7.0,0.0
29219,31975.0,34448.0,35649.0,37806.0,1.0,1.0
29221,25113.0,24994.0,24730.0,23534.0,6.0,0.0
29223,13397.0,13303.0,12873.0,10811.0,9.0,0.0
29225,35938.0,38745.0,39592.0,41472.0,2.0,1.0
29227,2166.0,2041.0,2013.0,1907.0,9.0,0.0
29229,18904.0,18210.0,18289.0,19403.0,6.0,0.0
29510,317955.0,308233.0,300576.0,281754.0,1.0,1.0
30001,9166.0,9450.0,9453.0,9885.0,7.0,0.0
30003,12564.0,13483.0,13319.0,12751.0,6.0,0.0
30005,6401.0,6745.0,6681.0,6899.0,9.0,0.0
30007,5261.0,5917.0,6237.0,8032.0,9.0,0.0
30009,9965.0,10680.0,10725.0,11419.0,3.0,1.0
30011,1172.0,1223.0,1252.0,1418.0,9.0,0.0
30013,80529.0,81633.0,81366.0,84900.0,3.0,1.0
30015,5774.0,5732.0,5635.0,5847.0,8.0,0.0
30017,11515.0,11726.0,11402.0,11985.0,7.0,0.0
30019,1704.0,1722.0,1690.0,1633.0,9.0,0.0
30021,8925.0,8952.0,8613.0,8810.0,7.0,0.0
30023,9351.0,9100.0,9140.0,9673.0,7.0,0.0
30025,2807.0,3004.0,2846.0,2994.0,9.0,0.0
30027,11448.0,11281.0,11050.0,11772.0,7.0,0.0
30029,90260.0,100091.0,103806.0,113679.0,5.0,0.0
30031,88932.0,108576.0,114434.0,126409.0,5.0,0.0
30033,1205.0,1281.0,1258.0,1211.0,9.0,0.0
30035,13109.0,13732.0,13753.0,13609.0,7.0,0.0
30037,890.0,817.0,821.0,835.0,3.0,1.0
30039,3031.0,3356.0,3379.0,3595.0,8.0,0.0
30041,15889.0,16469.0,16484.0,16276.0,7.0,0.0
30043,11203.0,11921.0,12221.0,13048.0,9.0,0.0
30045,2071.0,1945.0,2007.0,2093.0,8.0,0.0
30047,28515.0,30221.0,30458.0,33338.0,6.0,0.0
30049,61747.0,67850.0,69432.0,75011.0,5.0,0.0
30051,2225.0,2407.0,2337.0,1974.0,9.0,0.0
30053,19541.0,19556.0,19980.0,21895.0,7.0,0.0
30055,1720.0,1698.0,1664.0,1676.0,9.0,0.0
30057,7674.0,8291.0,8600.0,9521.0,9.0,0.0
30059,1893.0,1852.0,1862.0,2071.0,9.0,0.0
30061,4177.0,4235.0,4397.0,5090.0,8.0,0.0
30063,107747.0,117834.0,119600.0,121849.0,3.0,1.0
30065,4423.0,4632.0,4633.0,5308.0,8.0,0.0
30067,15896.0,16386.0,16606.0,17903.0,7.0,0.0
30069,481.0,512.0,487.0,554.0,9.0,0.0
30071,4182.0,4113.0,3954.0,4249.0,9.0,0.0
30073,6117.0,5968.0,5911.0,6125.0,7.0,0.0
30075,1756.0,1750.0,1682.0,1743.0,9.0,0.0
30077,7036.0,6789.0,6890.0,7133.0,6.0,0.0
30079,1123.0,1099.0,1077.0,1112.0,9.0,0.0
30081,40223.0,42524.0,43806.0,47738.0,6.0,0.0
30083,9430.0,11027.0,10803.0,11173.0,7.0,0.0
30085,10129.0,11160.0,11004.0,10319.0,7.0,0.0
30087,9095.0,9205.0,8937.0,8160.0,9.0,0.0
30089,11433.0,11689.0,12113.0,13684.0,8.0,0.0
30091,3385.0,3471.0,3309.0,3498.0,9.0,0.0
30093,33812.0,34811.0,34915.0,36360.0,5.0,0.0
30095,8945.0,9419.0,9642.0,9173.0,8.0,0.0
30097,3755.0,3676.0,3737.0,3763.0,9.0,0.0
30099,6143.0,6091.0,6147.0,6430.0,8.0,0.0
30101,5079.0,4860.0,4736.0,5133.0,7.0,0.0
30103,754.0,673.0,696.0,772.0,8.0,0.0
30105,7415.0,7402.0,7396.0,7474.0,7.0,0.0
30107,2151.0,2161.0,2126.0,2057.0,9.0,0.0
30109,986.0,1018.0,969.0,910.0,9.0,0.0
30111,144255.0,159266.0,161300.0,170843.0,3.0,1.0
31001,31160.0,31808.0,31363.0,30899.0,4.0,0.0
31003,6704.0,6341.0,6298.0,6302.0,9.0,0.0
31005,453.0,455.0,463.0,412.0,9.0,0.0
31007,677.0,726.0,745.0,674.0,9.0,0.0
31009,456.0,479.0,465.0,436.0,9.0,0.0
31011,5548.0,5320.0,5192.0,5310.0,9.0,0.0
31013,11482.0,10835.0,10783.0,10692.0,7.0,0.0
31015,2102.0,1955.0,1919.0,1725.0,9.0,0.0
31017,3149.0,3000.0,2955.0,2853.0,9.0,0.0
31019,45343.0,49350.0,49659.0,50697.0,4.0,0.0
31021,6967.0,6531.0,6459.0,6727.0,8.0,0.0
31023,8355.0,8032.0,8016.0,8459.0,6.0,0.0
31025,25322.0,25935.0,26248.0,27446.0,2.0,1.0
31027,8839.0,8515.0,8402.0,8262.0,9.0,0.0
31029,3865.0,3928.0,3924.0,3724.0,9.0,0.0
31031,5752.0,5790.0,5689.0,5492.0,7.0,0.0
31033,10150.0,9644.0,8910.0,9541.0,7.0,0.0
31035,6543.0,6186.0,6203.0,6116.0,8.0,0.0
31037,10083.0,10700.0,10709.0,10566.0,7.0,0.0
31039,9215.0,8947.0,8846.0,8918.0,7.0,0.0
31041,11001.0,10869.0,10777.0,10581.0,7.0,0.0
31043,20559.0,20010.0,20026.0,21268.0,3.0,1.0
31045,9134.0,8888.0,8589.0,8133.0,7.0,0.0
31047,24160.0,23657.0,23595.0,24085.0,7.0,0.0
31049,1986.0,1861.0,1794.0,1871.0,9.0,0.0
31051,6004.0,5746.0,5636.0,5491.0,3.0,1.0
31053,36548.0,36789.0,36565.0,37187.0,4.0,0.0
31055,504547.0,560733.0,571327.0,589540.0,2.0,1.0
31057,1973.0,1783.0,1693.0,1561.0,9.0,0.0
31059,5940.0,5561.0,5462.0,5548.0,8.0,0.0
31061,3167.0,2974.0,2979.0,2825.0,9.0,0.0
31063,2786.0,2623.0,2627.0,2585.0,9.0,0.0
31065,4873.0,4763.0,4676.0,4556.0,9.0,0.0
31067,22574.0,21621.0,21513.0,21634.0,6.0,0.0
31069,2004.0,1890.0,1837.0,1794.0,9.0,0.0
31071,2001.0,1986.0,1969.0,1763.0,9.0,0.0
31073,2049.0,2028.0,1990.0,1847.0,9.0,0.0
31075,653.0,649.0,623.0,565.0,9.0,0.0
31077,2548.0,2363.0,2356.0,2219.0,8.0,0.0
31079,56795.0,61201.0,61353.0,62197.0,3.0,1.0
31081,9157.0,9194.0,9324.0,9537.0,3.0,1.0
31083,3435.0,3415.0,3380.0,3045.0,9.0,0.0
31085,986.0,893.0,922.0,846.0,9.0,0.0
31087,2927.0,2806.0,2762.0,2552.0,9.0,0.0
31089,10399.0,10182.0,10067.0,10093.0,7.0,0.0
31091,734.0,666.0,682.0,679.0,9.0,0.0
31093,6261.0,6396.0,6445.0,6527.0,3.0,1.0
31095,7684.0,7176.0,7046.0,7054.0,7.0,0.0
31097,5203.0,5169.0,5071.0,5198.0,8.0,0.0
31099,6554.0,6492.0,6495.0,6770.0,7.0,0.0
31101,8290.0,8070.0,8034.0,8113.0,7.0,0.0
31103,836.0,790.0,806.0,805.0,9.0,0.0
31105,3761.0,3568.0,3632.0,3289.0,8.0,0.0
31107,8708.0,8439.0,8332.0,8298.0,9.0,0.0
31109,279605.0,313772.0,319090.0,326716.0,2.0,1.0
31111,36301.0,35265.0,34914.0,33365.0,5.0,0.0
31113,730.0,765.0,748.0,655.0,9.0,0.0
31115,630.0,604.0,664.0,592.0,9.0,0.0
31117,558.0,493.0,494.0,383.0,9.0,0.0
31119,34319.0,35132.0,35099.0,35627.0,5.0,0.0
31121,7734.0,7859.0,7755.0,7755.0,3.0,1.0
31123,5079.0,4796.0,4642.0,4504.0,9.0,0.0
31125,3745.0,3561.0,3519.0,3274.0,8.0,0.0
31127,7280.0,6957.0,6972.0,7076.0,7.0,0.0
31129,4571.0,4269.0,4148.0,4095.0,9.0,0.0
31131,15728.0,15956.0,16012.0,16335.0,6.0,0.0
31133,2711.0,2621.0,2613.0,2512.0,9.0,0.0
31135,2949.0,2886.0,2891.0,2795.0,9.0,0.0
31137,9195.0,9050.0,9034.0,9057.0,7.0,0.0
31139,7286.0,7093.0,7148.0,7299.0,9.0,0.0
31141,31527.0,33231.0,33470.0,34609.0,5.0,0.0
31143,5402.0,5309.0,5213.0,5228.0,9.0,0.0
31145,11034.0,10760.0,10724.0,10457.0,7.0,0.0
31147,8413.0,7971.0,7865.0,7689.0,7.0,0.0
31149,1554.0,1420.0,1357.0,1271.0,9.0,0.0
31151,14048.0,14365.0,14224.0,14555.0,6.0,0.0
31153,152762.0,181376.0,187196.0,199886.0,2.0,1.0
31155,20446.0,21032.0,21578.0,23463.0,2.0,1.0
31157,36536.0,36160.0,35618.0,35699.0,5.0,0.0
31159,16653.0,17203.0,17284.0,17671.0,2.0,1.0
31161,5500.0,5268.0,5246.0,4928.0,9.0,0.0
31163,3147.0,3074.0,3001.0,2983.0,8.0,0.0
31165,1360.0,1195.0,1166.0,1154.0,9.0,0.0
31167,6145.0,5974.0,5920.0,5856.0,9.0,0.0
31169,5253.0,5034.0,5003.0,4829.0,9.0,0.0
31171,661.0,722.0,722.0,677.0,9.0,0.0
31173,6821.0,7196.0,7224.0,6557.0,8.0,0.0
31175,4228.0,4227.0,4158.0,4012.0,9.0,0.0
31177,20101.0,20328.0,20729.0,21152.0,2.0,1.0
31179,9481.0,9213.0,9385.0,9874.0,6.0,0.0
31181,3771.0,3505.0,3487.0,3351.0,9.0,0.0
31183,831.0,815.0,783.0,775.0,9.0,0.0
31185,13881.0,13762.0,13679.0,14356.0,6.0,0.0
32001,25049.0,24021.0,24909.0,25803.0,6.0,0.0
32003,1912349.0,2181635.0,2266715.0,2336573.0,1.0,1.0
32005,47270.0,48030.0,48905.0,49545.0,4.0,0.0
32007,47634.0,52357.0,52778.0,54293.0,5.0,0.0
32009,820.0,843.0,873.0,736.0,9.0,0.0
32011,1778.0,1946.0,2029.0,1917.0,9.0,0.0
32013,15958.0,16719.0,16831.0,17136.0,7.0,0.0
32015,5521.0,5579.0,5532.0,5769.0,7.0,0.0
32017,5106.0,5191.0,5183.0,4452.0,8.0,0.0
32019,52156.0,53895.0,57510.0,62583.0,4.0,0.0
32021,4781.0,4455.0,4505.0,4528.0,7.0,0.0
32023,44367.0,43977.0,46523.0,55720.0,4.0,0.0
32027,6665.0,6469.0,6725.0,6364.0,9.0,0.0
32029,4099.0,3976.0,4123.0,4177.0,2.0,1.0
32031,414793.0,456629.0,471519.0,498022.0,2.0,1.0
32033,9732.0,9651.0,9580.0,8522.0,7.0,0.0
32510,55552.0,54532.0,55916.0,58036.0,3.0,1.0
33001,60239.0,60872.0,61303.0,65027.0,4.0,0.0
33003,48013.0,48132.0,48910.0,52448.0,6.0,0.0
33005,77472.0,75963.0,76085.0,77703.0,4.0,0.0
33007,33488.0,31396.0,31563.0,31372.0,7.0,0.0
33009,88745.0,89853.0,89886.0,93146.0,5.0,0.0
33011,399556.0,413204.0,417025.0,427354.0,2.0,1.0
33013,147170.0,149830.0,151391.0,157103.0,4.0,0.0
33015,294996.0,306669.0,309769.0,320689.0,1.0,1.0
33017,122460.0,129841.0,130633.0,133243.0,1.0,1.0
33019,43767.0,43027.0,43146.0,43969.0,7.0,0.0
34001,273014.0,265498.0,263670.0,275213.0,2.0,1.0
34003,895328.0,932420.0,932202.0,957736.0,1.0,1.0
34005,446831.0,445610.0,445349.0,469167.0,1.0,1.0
34007,513853.0,506224.0,506471.0,527196.0,1.0,1.0
34009,97550.0,93129.0,92039.0,94610.0,3.0,1.0
34011,155738.0,151423.0,149527.0,152326.0,3.0,1.0
34013,778165.0,796349.0,798975.0,851117.0,1.0,1.0
34015,286072.0,290961.0,291636.0,308423.0,1.0,1.0
34017,619533.0,672826.0,672391.0,705472.0,1.0,1.0
34019,128449.0,124712.0,124371.0,130183.0,1.0,1.0
34021,364119.0,368168.0,367430.0,381671.0,2.0,1.0
34023,799191.0,827363.0,825062.0,863623.0,1.0,1.0
34025,627348.0,621990.0,618795.0,642799.0,1.0,1.0
34027,489743.0,493920.0,491845.0,514423.0,1.0,1.0
34029,569485.0,595424.0,607186.0,659197.0,1.0,1.0
34031,494904.0,504402.0,501826.0,513395.0,1.0,1.0
34033,65974.0,62883.0,62385.0,65338.0,1.0,1.0
34035,318856.0,330573.0,328934.0,348842.0,1.0,1.0
34037,150145.0,141197.0,140488.0,146132.0,1.0,1.0
34039,527528.0,554738.0,556341.0,572726.0,1.0,1.0
34041,109264.0,105715.0,105267.0,111252.0,2.0,1.0
35001,646879.0,678203.0,679121.0,671586.0,2.0,1.0
35003,3631.0,3553.0,3527.0,3825.0,9.0,0.0
35005,64378.0,65080.0,64615.0,63561.0,5.0,0.0
35006,27259.0,26921.0,26675.0,26780.0,6.0,0.0
35007,13764.0,12151.0,11941.0,12255.0,7.0,0.0
35009,45512.0,49794.0,48954.0,47222.0,5.0,0.0
35011,2000.0,1805.0,1748.0,1657.0,9.0,0.0
35013,200855.0,216174.0,218195.0,225210.0,3.0,1.0
35015,52566.0,57108.0,58460.0,60275.0,5.0,0.0
35017,29921.0,27642.0,26998.0,27472.0,7.0,0.0
35019,4701.0,4410.0,4300.0,4292.0,7.0,0.0
35021,690.0,684.0,625.0,624.0,9.0,0.0
35023,5022.0,4298.0,4198.0,3965.0,9.0,0.0
35025,62737.0,69046.0,71070.0,72101.0,5.0,0.0
35027,20458.0,19468.0,19572.0,20029.0,7.0,0.0
35028,17924.0,18742.0,19369.0,19444.0,6.0,0.0
35029,25375.0,24100.0,23709.0,25316.0,6.0,0.0
35031,70449.0,72423.0,71367.0,68797.0,5.0,0.0
35033,4909.0,4530.0,4521.0,4123.0,9.0,0.0
35035,62498.0,66121.0,67490.0,68835.0,4.0,0.0
35037,8978.0,8299.0,8253.0,8510.0,7.0,0.0
35039,40008.0,39235.0,38921.0,39876.0,4.0,0.0
35041,19074.0,18900.0,18500.0,18787.0,7.0,0.0
35043,125368.0,142689.0,146748.0,155936.0,2.0,1.0
35045,126905.0,126917.0,123958.0,120675.0,3.0,1.0
35047,29234.0,27715.0,27277.0,26668.0,6.0,0.0
35049,141704.0,149491.0,150358.0,155956.0,3.0,1.0
35051,11914.0,11064.0,10791.0,11488.0,6.0,0.0
35053,17966.0,16832.0,16637.0,15963.0,6.0,0.0
35055,32467.0,32790.0,32723.0,34405.0,7.0,0.0
35057,16257.0,15535.0,15461.0,15633.0,2.0,1.0
35059,4380.0,4180.0,4059.0,3964.0,9.0,0.0
35061,74879.0,75884.0,76688.0,79141.0,2.0,1.0
36001,303739.0,307717.0,305506.0,316659.0,2.0,1.0
36003,49177.0,46639.0,46091.0,46651.0,7.0,0.0
36005,1363488.0,1440625.0,1418207.0,1356476.0,1.0,1.0
36007,201029.0,193100.0,190488.0,196077.0,2.0,1.0
36009,80761.0,77176.0,76117.0,75600.0,4.0,0.0
36011,80482.0,77457.0,76576.0,74485.0,4.0,0.0
36013,135229.0,128372.0,126903.0,124891.0,4.0,0.0
36015,88503.0,84736.0,83456.0,81325.0,3.0,1.0
36017,51326.0,47805.0,47207.0,45920.0,6.0,0.0
36019,82401.0,80531.0,80485.0,78115.0,5.0,0.0
36021,63253.0,60338.0,59461.0,60470.0,6.0,0.0
36023,49537.0,47815.0,47581.0,45752.0,4.0,0.0
36025,48363.0,45028.0,44135.0,44410.0,6.0,0.0
36027,296267.0,293545.0,294218.0,297150.0,1.0,1.0
36029,920571.0,919034.0,918702.0,946147.0,1.0,1.0
36031,39435.0,37487.0,36885.0,36775.0,6.0,0.0
36033,51907.0,50465.0,50022.0,46502.0,7.0,0.0
36035,55584.0,53802.0,53383.0,52234.0,4.0,0.0
36037,59895.0,57798.0,57280.0,57529.0,4.0,0.0
36039,49467.0,47442.0,47188.0,47062.0,6.0,0.0
36041,4893.0,4471.0,4416.0,5082.0,8.0,0.0
36043,64404.0,62163.0,61319.0,59484.0,2.0,1.0
36045,115033.0,113157.0,109834.0,114787.0,3.0,1.0
36047,2460361.0,2594676.0,2559903.0,2561225.0,1.0,1.0
36049,26878.0,26605.0,26296.0,26548.0,6.0,0.0
36051,65637.0,63483.0,62914.0,61158.0,1.0,1.0
36053,73075.0,70942.0,70941.0,66921.0,2.0,1.0
36055,741018.0,742724.0,741770.0,748482.0,1.0,1.0
36057,49951.0,49163.0,49221.0,49368.0,4.0,0.0
36059,1325129.0,1357293.0,1356924.0,1381715.0,1.0,1.0
36061,1587022.0,1630698.0,1628706.0,1597451.0,1.0,1.0
36063,215793.0,210848.0,209281.0,209457.0,1.0,1.0
36065,234482.0,230011.0,228671.0,227555.0,2.0,1.0
36067,463472.0,461795.0,460528.0,467873.0,2.0,1.0
36069,106302.0,109538.0,109777.0,112494.0,1.0,1.0
36071,370201.0,379758.0,384940.0,407470.0,1.0,1.0
36073,43254.0,40786.0,40352.0,39124.0,1.0,1.0
36075,122366.0,118427.0,117124.0,118162.0,2.0,1.0
36077,62561.0,59920.0,59493.0,60126.0,7.0,0.0
36079,99537.0,98856.0,98320.0,98060.0,1.0,1.0
36081,2193623.0,2295808.0,2253858.0,2252196.0,1.0,1.0
36083,159011.0,159200.0,158714.0,159305.0,2.0,1.0
36085,463701.0,475671.0,476143.0,490687.0,1.0,1.0
36087,305413.0,324622.0,325789.0,340807.0,1.0,1.0
36089,111684.0,108699.0,107740.0,106940.0,4.0,0.0
36091,217282.0,229276.0,229863.0,238711.0,2.0,1.0
36093,153360.0,154710.0,155299.0,159902.0,2.0,1.0
36095,32890.0,31255.0,30999.0,30105.0,2.0,1.0
36097,18644.0,17913.0,17807.0,17507.0,6.0,0.0
36099,35370.0,34246.0,34016.0,32349.0,6.0,0.0
36101,98726.0,96360.0,95379.0,92162.0,4.0,0.0
36103,1480218.0,1483358.0,1476601.0,1523170.0,1.0,1.0
36105,77755.0,74994.0,75432.0,79920.0,4.0,0.0
36107,51498.0,48609.0,48203.0,47715.0,2.0,1.0
36109,100383.0,102664.0,102180.0,103558.0,3.0,1.0
36111,183174.0,178635.0,177573.0,182333.0,3.0,1.0
36113,65848.0,64365.0,63944.0,65380.0,3.0,1.0
36115,63252.0,61559.0,61204.0,60047.0,3.0,1.0
36117,93739.0,90429.0,89918.0,90829.0,1.0,1.0
36119,937449.0,969689.0,967506.0,990817.0,1.0,1.0
36121,42281.0,40282.0,39859.0,39532.0,6.0,0.0
36123,25352.0,25002.0,24913.0,24472.0,1.0,1.0
37001,147704.0,163276.0,169509.0,179165.0,3.0,1.0
37003,36840.0,37143.0,37497.0,36473.0,2.0,1.0
37005,11131.0,10988.0,11137.0,11342.0,9.0,0.0
37007,26837.0,24829.0,24446.0,21897.0,6.0,0.0
37009,26858.0,26787.0,27203.0,27063.0,7.0,0.0
37011,18024.0,17517.0,17557.0,17561.0,8.0,0.0
37013,47297.0,47033.0,46994.0,44481.0,6.0,0.0
37015,21121.0,19263.0,18947.0,16922.0,7.0,0.0
37017,34665.0,33443.0,32722.0,29484.0,6.0,0.0
37019,103257.0,130859.0,142820.0,159964.0,2.0,1.0
37021,233772.0,257071.0,261191.0,275901.0,2.0,1.0
37023,90788.0,90157.0,90485.0,88338.0,2.0,1.0
37025,171915.0,206988.0,216453.0,240016.0,1.0,1.0
37027,82527.0,81933.0,82178.0,80574.0,2.0,1.0
37029,9802.0,10532.0,10867.0,11137.0,8.0,0.0
37031,64700.0,68921.0,69473.0,69615.0,4.0,0.0
37033,23912.0,22616.0,22604.0,22807.0,8.0,0.0
37035,153848.0,157852.0,159551.0,164645.0,2.0,1.0
37037,61783.0,71189.0,74470.0,81624.0,2.0,1.0
37039,27545.0,27954.0,28612.0,29959.0,9.0,0.0
37041,14831.0,14029.0,13943.0,13891.0,6.0,0.0
37043,10492.0,11004.0,11231.0,11864.0,9.0,0.0
37045,98155.0,97134.0,97947.0,101378.0,4.0,0.0
37047,56503.0,56047.0,55508.0,50121.0,6.0,0.0
37049,99423.0,102492.0,102139.0,102391.0,3.0,1.0
37051,311800.0,330994.0,335509.0,337890.0,2.0,1.0
37053,23378.0,26290.0,27763.0,31593.0,1.0,1.0
37055,33553.0,36199.0,37009.0,38110.0,4.0,0.0
37057,161520.0,165180.0,167609.0,174804.0,2.0,1.0
37059,40748.0,42308.0,42846.0,44599.0,2.0,1.0
37061,56810.0,58943.0,58741.0,49520.0,6.0,0.0
37063,259356.0,312153.0,321488.0,336892.0,2.0,1.0
37065,56420.0,52756.0,51472.0,48832.0,3.0,1.0
37067,344330.0,375840.0,382295.0,392921.0,2.0,1.0
37069,58925.0,66155.0,69685.0,77001.0,1.0,1.0
37071,204454.0,219656.0,224529.0,237242.0,1.0,1.0
37073,12098.0,11514.0,11562.0,10343.0,1.0,1.0
37075,8742.0,8524.0,8441.0,8052.0,9.0,0.0
37077,58356.0,59372.0,60443.0,62192.0,4.0,0.0
37079,21230.0,20963.0,21069.0,20530.0,8.0,0.0
37081,477809.0,528243.0,537174.0,549866.0,2.0,1.0
37083,55568.0,51311.0,50010.0,47298.0,4.0,0.0
37085,108752.0,132395.0,135976.0,141477.0,4.0,0.0
37087,58811.0,61005.0,62317.0,62969.0,2.0,1.0
37089,104289.0,115216.0,117417.0,119230.0,2.0,1.0
37091,24473.0,23923.0,23677.0,19453.0,6.0,0.0
37093,43912.0,54138.0,55234.0,54446.0,2.0,1.0
37095,5764.0,5240.0,4937.0,4607.0,9.0,0.0
37097,156204.0,175634.0,181806.0,199710.0,1.0,1.0
37099,38994.0,43224.0,43938.0,44574.0,6.0,0.0
37101,161746.0,196374.0,209339.0,241955.0,1.0,1.0
37103,9974.0,9573.0,9419.0,9401.0,3.0,1.0
37105,55822.0,60403.0,61779.0,67059.0,4.0,0.0
37107,59398.0,56622.0,55949.0,54895.0,4.0,0.0
37109,76143.0,82557.0,86111.0,95675.0,1.0,1.0
37111,44768.0,45083.0,45756.0,44893.0,6.0,0.0
37113,33608.0,34581.0,35858.0,38412.0,7.0,0.0
37115,20585.0,21563.0,21755.0,22071.0,2.0,1.0
37117,24404.0,22763.0,22440.0,21447.0,6.0,0.0
37119,887991.0,1078128.0,1110356.0,1163701.0,1.0,1.0
37121,15740.0,14992.0,14964.0,14999.0,7.0,0.0
37123,27716.0,27269.0,27173.0,26085.0,6.0,0.0
37125,86122.0,97368.0,100880.0,106898.0,4.0,0.0
37127,94718.0,94019.0,94298.0,96551.0,3.0,1.0
37129,197709.0,228728.0,234473.0,238852.0,2.0,1.0
37131,22259.0,19890.0,19483.0,16715.0,9.0,0.0
37133,169059.0,195066.0,197938.0,213676.0,3.0,1.0
37135,129764.0,143626.0,148476.0,150626.0,2.0,1.0
37137,13094.0,12638.0,12726.0,12423.0,3.0,1.0
37139,40554.0,39386.0,39824.0,41444.0,4.0,0.0
37141,50551.0,60719.0,63060.0,68521.0,2.0,1.0
37143,13292.0,13439.0,13463.0,13377.0,8.0,0.0
37145,39016.0,39338.0,39490.0,39737.0,2.0,1.0
37147,162116.0,178607.0,180742.0,175119.0,3.0,1.0
37149,20393.0,20564.0,20724.0,20060.0,8.0,0.0
37151,140297.0,143037.0,143667.0,147458.0,2.0,1.0
37153,46538.0,44827.0,44829.0,42324.0,5.0,0.0
37155,131734.0,132626.0,130625.0,117365.0,4.0,0.0
37157,93299.0,90791.0,91010.0,92518.0,2.0,1.0
37159,137721.0,140356.0,142088.0,151661.0,1.0,1.0
37161,67145.0,66529.0,67029.0,65507.0,4.0,0.0
37163,62837.0,63263.0,63531.0,59601.0,6.0,0.0
37165,36463.0,35174.0,34823.0,34376.0,6.0,0.0
37167,60418.0,61505.0,62806.0,65699.0,6.0,0.0
37169,47363.0,45724.0,45591.0,45532.0,2.0,1.0
37171,73404.0,72107.0,71783.0,71462.0,4.0,0.0
37173,13872.0,14263.0,14271.0,13916.0,8.0,0.0
37175,32543.0,33767.0,34385.0,33549.0,6.0,0.0
37177,4353.0,4180.0,4016.0,3461.0,9.0,0.0
37179,193678.0,231350.0,239859.0,256452.0,1.0,1.0
37181,44977.0,44281.0,44535.0,42301.0,4.0,0.0
37183,856492.0,1071706.0,1111761.0,1190275.0,1.0,1.0
37185,20923.0,19849.0,19731.0,18836.0,8.0,0.0
37187,13300.0,11944.0,11580.0,10713.0,7.0,0.0
37189,50266.0,55181.0,56177.0,54748.0,5.0,0.0
37191,119910.0,123034.0,123131.0,118686.0,3.0,1.0
37193,69317.0,68489.0,68412.0,66013.0,6.0,0.0
37195,79790.0,81436.0,81801.0,78970.0,4.0,0.0
37197,38225.0,37588.0,37667.0,37774.0,2.0,1.0
37199,18016.0,17697.0,18069.0,18938.0,8.0,0.0
38001,2343.0,2324.0,2216.0,2163.0,9.0,0.0
38003,11027.0,10679.0,10415.0,10726.0,6.0,0.0
38005,6622.0,6916.0,6832.0,5745.0,9.0,0.0
38007,768.0,922.0,928.0,1034.0,9.0,0.0
38009,6370.0,6522.0,6282.0,6349.0,9.0,0.0
38011,3158.0,3150.0,3024.0,2867.0,9.0,0.0
38013,1902.0,2128.0,2115.0,2134.0,9.0,0.0
38015,78678.0,95247.0,95626.0,100012.0,3.0,1.0
38017,144290.0,177745.0,181923.0,196362.0,3.0,1.0
38019,4008.0,3793.0,3762.0,3596.0,9.0,0.0
38021,5305.0,4848.0,4872.0,4900.0,9.0,0.0
38023,2022.0,2295.0,2264.0,2135.0,9.0,0.0
38025,3470.0,4274.0,4424.0,4019.0,9.0,0.0
38027,2470.0,2315.0,2287.0,2263.0,9.0,0.0
38029,3588.0,3298.0,3241.0,3224.0,8.0,0.0
38031,3436.0,3249.0,3210.0,3309.0,9.0,0.0
38033,1650.0,1779.0,1761.0,1743.0,9.0,0.0
38035,66917.0,70489.0,69451.0,72708.0,3.0,1.0
38037,2440.0,2363.0,2274.0,2215.0,8.0,0.0
38039,2406.0,2244.0,2231.0,2248.0,9.0,0.0
38041,2479.0,2479.0,2499.0,2415.0,9.0,0.0
38043,2419.0,2471.0,2480.0,2342.0,8.0,0.0
38045,4218.0,4101.0,4046.0,4096.0,9.0,0.0
38047,2000.0,1919.0,1850.0,1869.0,9.0,0.0
38049,5355.0,5890.0,5745.0,5131.0,9.0,0.0
38051,2911.0,2608.0,2497.0,2488.0,9.0,0.0
38053,5908.0,12688.0,15024.0,14252.0,9.0,0.0
38055,8883.0,9636.0,9450.0,9832.0,8.0,0.0
38057,8295.0,8457.0,8187.0,8309.0,7.0,0.0
38059,26696.0,30938.0,31364.0,33895.0,3.0,1.0
38061,7153.0,10276.0,10545.0,9383.0,9.0,0.0
38063,3176.0,2902.0,2879.0,2991.0,8.0,0.0
38065,1836.0,1930.0,1959.0,1879.0,3.0,1.0
38067,7452.0,6962.0,6801.0,6661.0,9.0,0.0
38069,4372.0,4096.0,3975.0,3902.0,7.0,0.0
38071,11434.0,11596.0,11519.0,11463.0,7.0,0.0
38073,5677.0,5303.0,5218.0,5603.0,8.0,0.0
38075,2387.0,2455.0,2327.0,2279.0,9.0,0.0
38077,16488.0,16287.0,16177.0,16558.0,6.0,0.0
38079,13744.0,14614.0,14176.0,11728.0,9.0,0.0
38081,3978.0,3862.0,3898.0,3776.0,9.0,0.0
38083,1351.0,1351.0,1315.0,1266.0,9.0,0.0
38085,4072.0,4425.0,4230.0,3643.0,3.0,1.0
38087,730.0,767.0,750.0,674.0,9.0,0.0
38089,23375.0,30291.0,31489.0,33001.0,7.0,0.0
38091,1960.0,1906.0,1890.0,1782.0,8.0,0.0
38093,20812.0,21132.0,20704.0,21392.0,7.0,0.0
38095,2234.0,2244.0,2189.0,2030.0,9.0,0.0
38097,8157.0,7998.0,8036.0,7908.0,8.0,0.0
38099,11296.0,10801.0,10641.0,10305.0,6.0,0.0
38101,58670.0,68516.0,67641.0,68332.0,5.0,0.0
38103,4253.0,3994.0,3834.0,3876.0,9.0,0.0
38105,20928.0,33467.0,37589.0,39113.0,7.0,0.0
39001,28686.0,27753.0,27698.0,27521.0,6.0,0.0
39003,106773.0,103093.0,102351.0,100838.0,3.0,1.0
39005,53499.0,53662.0,53484.0,52190.0,4.0,0.0
39007,101826.0,97748.0,97241.0,96845.0,4.0,0.0
39009,64546.0,66503.0,65327.0,62706.0,4.0,0.0
39011,46167.0,45753.0,45656.0,46050.0,4.0,0.0
39013,70356.0,68002.0,67006.0,64918.0,3.0,1.0
39015,44668.0,43523.0,43432.0,43777.0,1.0,1.0
39017,364179.0,380607.0,383134.0,393043.0,1.0,1.0
39019,28999.0,27324.0,26914.0,26758.0,2.0,1.0
39021,40263.0,38851.0,38885.0,38845.0,6.0,0.0
39023,139404.0,134549.0,134083.0,134610.0,3.0,1.0
39025,195891.0,204260.0,206428.0,211972.0,1.0,1.0
39027,42656.0,42004.0,41968.0,41938.0,6.0,0.0
39029,108469.0,103062.0,101883.0,100182.0,4.0,0.0
39031,36953.0,36536.0,36600.0,36869.0,6.0,0.0
39033,44291.0,41710.0,41494.0,41529.0,4.0,0.0
39035,1291479.0,1247581.0,1235072.0,1233088.0,1.0,1.0
39037,52909.0,51549.0,51113.0,51415.0,6.0,0.0
39039,39250.0,38156.0,38087.0,38315.0,4.0,0.0
39041,166652.0,200870.0,209177.0,231636.0,1.0,1.0
39043,77573.0,74760.0,74266.0,74035.0,4.0,0.0
39045,144029.0,154686.0,157574.0,165360.0,1.0,1.0
39047,28896.0,28639.0,28525.0,28817.0,6.0,0.0
39049,1141183.0,1295510.0,1316756.0,1326063.0,1.0,1.0
39051,42780.0,42265.0,42126.0,42007.0,2.0,1.0
39053,30997.0,30162.0,29898.0,28986.0,6.0,0.0
39055,93583.0,93881.0,93649.0,95407.0,1.0,1.0
39057,160115.0,166566.0,168937.0,169691.0,2.0,1.0
39059,40347.0,39066.0,38875.0,38089.0,6.0,0.0
39061,799840.0,814170.0,817473.0,827058.0,1.0,1.0
39063,74781.0,75973.0,75783.0,74704.0,4.0,0.0
39065,32200.0,31329.0,31365.0,30368.0,6.0,0.0
39067,15856.0,15202.0,15040.0,14159.0,6.0,0.0
39069,28523.0,27179.0,27006.0,27520.0,6.0,0.0
39071,43700.0,42903.0,43161.0,43614.0,6.0,0.0
39073,29445.0,28436.0,28264.0,27540.0,1.0,1.0
39075,42029.0,43895.0,43960.0,44386.0,7.0,0.0
39077,60121.0,58393.0,58266.0,58199.0,4.0,0.0
39079,33164.0,32386.0,32413.0,32606.0,7.0,0.0
39081,69989.0,66318.0,65325.0,64026.0,3.0,1.0
39083,60348.0,61271.0,62322.0,63320.0,4.0,0.0
39085,229904.0,230159.0,230149.0,231640.0,1.0,1.0
39087,62640.0,60075.0,59463.0,56118.0,2.0,1.0
39089,163916.0,173617.0,176862.0,183201.0,1.0,1.0
39091,46115.0,45198.0,45672.0,46057.0,6.0,0.0
39093,299814.0,307441.0,309833.0,317910.0,1.0,1.0
39095,443909.0,431039.0,428348.0,425484.0,2.0,1.0
39097,43163.0,44041.0,44731.0,44602.0,1.0,1.0
39099,241572.0,229791.0,228683.0,225596.0,2.0,1.0
39101,66840.0,65076.0,65093.0,64851.0,4.0,0.0
39103,170330.0,178176.0,179746.0,184042.0,1.0,1.0
39105,23534.0,23071.0,22907.0,21767.0,6.0,0.0
39107,41022.0,40858.0,41172.0,42439.0,7.0,0.0
39109,102430.0,105200.0,106987.0,110876.0,2.0,1.0
39111,14833.0,13931.0,13654.0,13153.0,8.0,0.0
39113,537664.0,531467.0,531687.0,533796.0,2.0,1.0
39115,15104.0,14644.0,14508.0,13646.0,6.0,0.0
39117,34877.0,34911.0,35328.0,35595.0,1.0,1.0
39119,85874.0,86123.0,86215.0,86305.0,4.0,0.0
39121,14653.0,14400.0,14424.0,14311.0,7.0,0.0
39123,41554.0,40623.0,40525.0,39803.0,4.0,0.0
39125,19670.0,18831.0,18672.0,18706.0,6.0,0.0
39127,36150.0,35972.0,36134.0,35551.0,1.0,1.0
39129,55376.0,57740.0,58457.0,61086.0,1.0,1.0
39131,28763.0,28088.0,27772.0,27001.0,7.0,0.0
39133,160184.0,162473.0,162466.0,162665.0,2.0,1.0
39135,42688.0,41116.0,40882.0,40556.0,6.0,0.0
39137,34655.0,33860.0,33861.0,34199.0,6.0,0.0
39139,126128.0,120430.0,121154.0,125064.0,3.0,1.0
39141,77675.0,77295.0,76666.0,76501.0,4.0,0.0
39143,61184.0,59093.0,58518.0,58709.0,4.0,0.0
39145,79133.0,75976.0,75314.0,71969.0,4.0,0.0
39147,57199.0,55267.0,55178.0,54527.0,4.0,0.0
39149,49454.0,48738.0,48590.0,47765.0,4.0,0.0
39151,377141.0,372003.0,370606.0,372716.0,2.0,1.0
39153,543116.0,541514.0,541013.0,535733.0,2.0,1.0
39155,212191.0,200281.0,197974.0,200373.0,2.0,1.0
39157,92634.0,92308.0,91987.0,91874.0,4.0,0.0
39159,50856.0,56798.0,58988.0,69637.0,1.0,1.0
39161,29075.0,28283.0,28275.0,28704.0,6.0,0.0
39163,13452.0,13082.0,13085.0,12474.0,8.0,0.0
39165,208640.0,228709.0,234602.0,252148.0,1.0,1.0
39167,62040.0,60491.0,59911.0,58577.0,4.0,0.0
39169,114610.0,116168.0,115710.0,116510.0,4.0,0.0
39171,38297.0,36707.0,36692.0,36591.0,6.0,0.0
39173,125275.0,130437.0,130817.0,132650.0,2.0,1.0
39175,22642.0,22063.0,21772.0,21457.0,7.0,0.0
40001,22346.0,22119.0,22194.0,19627.0,6.0,0.0
40003,5618.0,5913.0,5702.0,5673.0,9.0,0.0
40005,14220.0,13779.0,13758.0,14525.0,9.0,0.0
40007,5521.0,5364.0,5311.0,5018.0,9.0,0.0
40009,22817.0,21779.0,21859.0,22042.0,7.0,0.0
40011,12019.0,9512.0,9429.0,8539.0,6.0,0.0
40013,41453.0,46481.0,47995.0,48967.0,6.0,0.0
40015,28612.0,29356.0,28762.0,26214.0,6.0,0.0
40017,109969.0,140001.0,148306.0,175829.0,1.0,1.0
40019,46910.0,48273.0,48111.0,48596.0,5.0,0.0
40021,46217.0,48891.0,48657.0,48185.0,6.0,0.0
40023,15112.0,14804.0,14672.0,14276.0,7.0,0.0
40025,2449.0,2152.0,2137.0,2191.0,9.0,0.0
40027,246790.0,279542.0,284014.0,301193.0,1.0,1.0
40029,5745.0,5630.0,5495.0,5266.0,9.0,0.0
40031,118001.0,121786.0,120749.0,121574.0,3.0,1.0
40033,6165.0,5863.0,5666.0,5427.0,3.0,1.0
40035,14910.0,14332.0,14142.0,14494.0,6.0,0.0
40037,68817.0,71890.0,71522.0,73332.0,2.0,1.0
40039,26816.0,28974.0,29003.0,28266.0,7.0,0.0
40041,41018.0,42672.0,43009.0,41703.0,6.0,0.0
40043,4737.0,4899.0,4891.0,4286.0,9.0,0.0
40045,4043.0,3970.0,3859.0,3648.0,9.0,0.0
40047,58845.0,61600.0,61056.0,62023.0,5.0,0.0
40049,27529.0,27857.0,27711.0,25865.0,6.0,0.0
40051,51621.0,54829.0,55834.0,57375.0,1.0,1.0
40053,4598.0,4379.0,4333.0,4083.0,9.0,0.0
40055,6200.0,5793.0,5712.0,5466.0,7.0,0.0
40057,2827.0,2710.0,2653.0,2392.0,9.0,0.0
40059,3645.0,3784.0,3688.0,3190.0,9.0,0.0
40061,12620.0,12726.0,12627.0,11832.0,6.0,0.0
40063,13397.0,13265.0,13279.0,13436.0,7.0,0.0
40065,26038.0,25112.0,24530.0,24669.0,7.0,0.0
40067,6408.0,6164.0,6002.0,5347.0,8.0,0.0
40069,10772.0,11121.0,11085.0,10216.0,9.0,0.0
40071,46410.0,44403.0,43538.0,43641.0,5.0,0.0
40073,14748.0,15688.0,15765.0,15481.0,6.0,0.0
40075,9518.0,8849.0,8708.0,8398.0,6.0,0.0
40077,11068.0,10318.0,10073.0,9526.0,7.0,0.0
40079,49802.0,50020.0,49853.0,49596.0,2.0,1.0
40081,33710.0,34961.0,34877.0,34562.0,1.0,1.0
40083,39964.0,46785.0,48011.0,53029.0,1.0,1.0
40085,9291.0,10076.0,10253.0,10296.0,9.0,0.0
40087,33107.0,39306.0,40474.0,47072.0,1.0,1.0
40089,33112.0,33031.0,32832.0,30660.0,7.0,0.0
40091,19952.0,19701.0,19596.0,19603.0,6.0,0.0
40093,7456.0,7684.0,7629.0,7581.0,9.0,0.0
40095,15482.0,16364.0,16931.0,15970.0,6.0,0.0
40097,40984.0,40988.0,41100.0,39889.0,6.0,0.0
40099,13144.0,13918.0,14073.0,13754.0,7.0,0.0
40101,70050.0,69027.0,67997.0,66677.0,4.0,0.0
40103,11537.0,11303.0,11131.0,10832.0,6.0,0.0
40105,10788.0,10322.0,10076.0,9438.0,6.0,0.0
40107,12008.0,12076.0,11993.0,11300.0,6.0,0.0
40109,701484.0,786068.0,797434.0,808866.0,1.0,1.0
40111,39379.0,38819.0,38465.0,37035.0,2.0,1.0
40113,47336.0,47346.0,46963.0,46130.0,2.0,1.0
40115,31838.0,31368.0,31127.0,30287.0,6.0,0.0
40117,16447.0,16419.0,16376.0,15864.0,2.0,1.0
40119,75000.0,81908.0,81784.0,83352.0,4.0,0.0
40121,45450.0,44154.0,43654.0,43479.0,5.0,0.0
40123,36687.0,38371.0,38284.0,38396.0,7.0,0.0
40125,68752.0,72185.0,72592.0,73791.0,4.0,0.0
40127,11493.0,11118.0,11096.0,10800.0,9.0,0.0
40129,3557.0,3661.0,3583.0,3295.0,9.0,0.0
40131,85390.0,91435.0,92459.0,100248.0,2.0,1.0
40133,25198.0,24845.0,24258.0,23565.0,7.0,0.0
40135,41825.0,41742.0,41569.0,40291.0,2.0,1.0
40137,44508.0,43340.0,43143.0,44014.0,4.0,0.0
40139,19539.0,20924.0,19983.0,20371.0,7.0,0.0
40141,8112.0,7399.0,7250.0,6869.0,6.0,0.0
40143,588510.0,646437.0,651552.0,682868.0,2.0,1.0
40145,70646.0,78984.0,81289.0,89280.0,2.0,1.0
40147,50641.0,51996.0,51527.0,53706.0,4.0,0.0
40149,11595.0,11055.0,10916.0,10736.0,7.0,0.0
40151,8533.0,9069.0,8793.0,8564.0,7.0,0.0
40153,20120.0,20531.0,20211.0,19947.0,7.0,0.0
41001,16195.0,16083.0,16124.0,16912.0,7.0,0.0
41003,84150.0,91790.0,93053.0,97713.0,3.0,1.0
41005,371103.0,412442.0,418187.0,423173.0,1.0,1.0
41007,36825.0,39101.0,40224.0,41102.0,4.0,0.0
41009,49209.0,51724.0,52354.0,53880.0,1.0,1.0
41011,63226.0,63708.0,64487.0,64212.0,5.0,0.0
41013,21811.0,23065.0,24404.0,26952.0,6.0,0.0
41015,22305.0,22630.0,22925.0,23296.0,7.0,0.0
41017,156820.0,186744.0,197692.0,208513.0,3.0,1.0
41019,107316.0,109197.0,110980.0,112435.0,4.0,0.0
41021,1886.0,1862.0,1912.0,2026.0,9.0,0.0
41023,7303.0,7188.0,7199.0,7215.0,9.0,0.0
41025,7375.0,7258.0,7393.0,7440.0,7.0,0.0
41027,21589.0,23398.0,23382.0,23745.0,6.0,0.0
41029,201162.0,216746.0,220944.0,220768.0,3.0,1.0
41031,21885.0,23652.0,24658.0,25454.0,6.0,0.0
41033,82389.0,86584.0,87487.0,87821.0,3.0,1.0
41035,66732.0,66810.0,68238.0,70003.0,5.0,0.0
41037,7961.0,7874.0,7869.0,8293.0,7.0,0.0
41039,348176.0,375264.0,382067.0,381181.0,2.0,1.0
41041,45915.0,48757.0,49962.0,50821.0,5.0,0.0
41043,114967.0,125035.0,129749.0,131496.0,3.0,1.0
41045,31311.0,30385.0,30571.0,32044.0,6.0,0.0
41047,309729.0,340531.0,347818.0,346741.0,2.0,1.0
41049,11002.0,11198.0,11603.0,12302.0,6.0,0.0
41051,712989.0,807885.0,812855.0,789698.0,1.0,1.0
41053,74346.0,83711.0,86085.0,89805.0,2.0,1.0
41055,1691.0,1735.0,1780.0,1951.0,9.0,0.0
41057,25151.0,26522.0,27036.0,27417.0,6.0,0.0
41059,74488.0,77120.0,77950.0,80053.0,4.0,0.0
41061,25473.0,26383.0,26835.0,25944.0,7.0,0.0
41063,6900.0,7025.0,7208.0,7674.0,9.0,0.0
41065,24617.0,26296.0,26682.0,26333.0,6.0,0.0
41067,515815.0,591336.0,601592.0,598865.0,1.0,1.0
41069,1399.0,1348.0,1332.0,1436.0,9.0,0.0
41071,97537.0,105238.0,107100.0,108644.0,1.0,1.0
42001,101056.0,102562.0,103009.0,106748.0,3.0,1.0
42003,1221071.0,1220141.0,1216045.0,1224825.0,1.0,1.0
42005,69611.0,65991.0,64735.0,64074.0,1.0,1.0
42007,171336.0,165654.0,163929.0,165631.0,1.0,1.0
42009,50052.0,48356.0,47888.0,47350.0,6.0,0.0
42011,407737.0,417511.0,421164.0,432821.0,2.0,1.0
42013,127112.0,123147.0,121829.0,120273.0,3.0,1.0
42015,62318.0,60963.0,60323.0,59695.0,6.0,0.0
42017,623297.0,626811.0,628270.0,645984.0,1.0,1.0
42019,182673.0,186828.0,187853.0,198413.0,1.0,1.0
42021,144646.0,132960.0,130192.0,130668.0,3.0,1.0
42023,5186.0,4619.0,4447.0,4380.0,7.0,0.0
42025,64947.0,63828.0,64182.0,65458.0,2.0,1.0
42027,151645.0,162316.0,162385.0,157795.0,3.0,1.0
42029,491473.0,518901.0,524989.0,549784.0,1.0,1.0
42031,40355.0,38998.0,38438.0,36970.0,6.0,0.0
42033,82130.0,79799.0,79255.0,77090.0,4.0,0.0
42035,38955.0,38830.0,38632.0,37607.0,4.0,0.0
42037,66645.0,65581.0,64964.0,65439.0,3.0,1.0
42039,89023.0,85772.0,84629.0,82001.0,4.0,0.0
42041,231357.0,249024.0,253370.0,270738.0,2.0,1.0
42043,265395.0,275714.0,278299.0,289234.0,2.0,1.0
42045,556246.0,563858.0,566747.0,576720.0,1.0,1.0
42047,32504.0,30271.0,29910.0,30198.0,7.0,0.0
42049,278686.0,273558.0,269728.0,267571.0,2.0,1.0
42051,138813.0,131309.0,129274.0,123915.0,1.0,1.0
42053,7470.0,7317.0,7247.0,6449.0,9.0,0.0
42055,147032.0,154376.0,155027.0,157854.0,3.0,1.0
42057,14900.0,14469.0,14530.0,14468.0,8.0,0.0
42059,39074.0,36846.0,36233.0,34357.0,6.0,0.0
42061,45853.0,45429.0,45144.0,43514.0,6.0,0.0
42063,88807.0,84743.0,84073.0,83094.0,4.0,0.0
42065,45260.0,43818.0,43425.0,43612.0,7.0,0.0
42067,24409.0,24635.0,24763.0,23243.0,6.0,0.0
42069,214044.0,210451.0,209674.0,216123.0,2.0,1.0
42071,511957.0,541332.0,545724.0,558589.0,2.0,1.0
42073,91798.0,86546.0,85512.0,84472.0,4.0,0.0
42075,131574.0,139553.0,141793.0,144252.0,3.0,1.0
42077,344743.0,365577.0,369318.0,377754.0,2.0,1.0
42079,319210.0,317808.0,317417.0,327388.0,2.0,1.0
42081,116147.0,114012.0,113299.0,112724.0,3.0,1.0
42083,43856.0,41362.0,40625.0,39519.0,7.0,0.0
42085,117189.0,111473.0,109424.0,108503.0,2.0,1.0
42087,46600.0,46290.0,46138.0,45922.0,4.0,0.0
42089,168576.0,167895.0,170271.0,166053.0,3.0,1.0
42091,789250.0,824303.0,830915.0,868742.0,1.0,1.0
42093,18090.0,18270.0,18230.0,17860.0,3.0,1.0
42095,295096.0,302801.0,305285.0,319091.0,2.0,1.0
42097,94150.0,91721.0,90843.0,90120.0,4.0,0.0
42099,45549.0,46046.0,46272.0,46083.0,2.0,1.0
42101,1499731.0,1580601.0,1584064.0,1550542.0,1.0,1.0
42103,57739.0,55397.0,55809.0,61247.0,1.0,1.0
42105,17464.0,16841.0,16526.0,15999.0,9.0,0.0
42107,148463.0,142580.0,141359.0,143786.0,4.0,0.0
42109,39481.0,40594.0,40372.0,39717.0,7.0,0.0
42111,78120.0,74242.0,73447.0,72197.0,4.0,0.0
42113,6462.0,6142.0,6066.0,5834.0,8.0,0.0
42115,43405.0,40934.0,40328.0,38109.0,6.0,0.0
42117,41609.0,40671.0,40591.0,40840.0,6.0,0.0
42119,45057.0,44642.0,44923.0,42042.0,4.0,0.0
42121,55315.0,51790.0,50668.0,49431.0,4.0,0.0
42123,41853.0,39679.0,39191.0,37572.0,6.0,0.0
42125,207240.0,207075.0,206865.0,210232.0,1.0,1.0
42127,51692.0,51192.0,51361.0,51262.0,6.0,0.0
42129,366058.0,352006.0,348899.0,351163.0,1.0,1.0
42131,28294.0,27396.0,26794.0,25902.0,2.0,1.0
42133,429399.0,445484.0,449058.0,464640.0,2.0,1.0
44001,50668.0,48734.0,48479.0,50255.0,1.0,1.0
44003,167269.0,163543.0,164292.0,171278.0,1.0,1.0
44005,82505.0,82952.0,82082.0,83832.0,1.0,1.0
44007,627889.0,634130.0,638931.0,660615.0,1.0,1.0
44009,126672.0,126314.0,125577.0,129982.0,1.0,1.0
45001,25699.0,24567.0,24527.0,24434.0,6.0,0.0
45003,156896.0,168325.0,170872.0,177130.0,2.0,1.0
45005,10803.0,9012.0,8688.0,7369.0,6.0,0.0
45007,184520.0,198186.0,202558.0,213076.0,2.0,1.0
45009,16104.0,14384.0,14066.0,12974.0,7.0,0.0
45011,22761.0,21355.0,20866.0,20447.0,6.0,0.0
45013,156399.0,186497.0,192122.0,198979.0,3.0,1.0
45015,171099.0,214541.0,227907.0,255217.0,2.0,1.0
45017,15175.0,14696.0,14553.0,14186.0,2.0,1.0
45019,341921.0,402008.0,411406.0,424367.0,2.0,1.0
45021,54981.0,56913.0,57300.0,56714.0,4.0,0.0
45023,33454.0,32299.0,32244.0,32226.0,1.0,1.0
45025,46319.0,45979.0,45650.0,44031.0,6.0,0.0
45027,34875.0,34012.0,33745.0,31004.0,6.0,0.0
45029,39014.0,37555.0,37677.0,38874.0,6.0,0.0
45031,68773.0,66981.0,66618.0,62416.0,3.0,1.0
45033,31585.0,30496.0,30479.0,27698.0,6.0,0.0
45035,130593.0,158988.0,162809.0,169833.0,2.0,1.0
45037,26774.0,26837.0,27260.0,27607.0,2.0,1.0
45039,24131.0,22593.0,22347.0,20422.0,2.0,1.0
45041,135032.0,138495.0,138293.0,137214.0,3.0,1.0
45043,60621.0,61826.0,62680.0,65731.0,4.0,0.0
45045,438742.0,506831.0,523542.0,558036.0,2.0,1.0
45047,68862.0,70496.0,70811.0,69460.0,4.0,0.0
45049,21212.0,19498.0,19222.0,18122.0,6.0,0.0
45051,260609.0,332655.0,354081.0,397478.0,2.0,1.0
45053,23620.0,28522.0,30073.0,33544.0,3.0,1.0
45055,60395.0,65213.0,66551.0,69905.0,2.0,1.0
45057,72733.0,92411.0,98012.0,108215.0,1.0,1.0
45059,67173.0,66822.0,67493.0,68873.0,2.0,1.0
45061,19697.0,17388.0,16828.0,15967.0,6.0,0.0
45063,252747.0,290338.0,298750.0,309528.0,2.0,1.0
45065,10224.0,9554.0,9463.0,9941.0,8.0,0.0
45067,33724.0,31295.0,30657.0,28508.0,6.0,0.0
45069,29079.0,26691.0,26118.0,25704.0,6.0,0.0
45071,37192.0,38381.0,38440.0,38825.0,6.0,0.0
45073,73089.0,77388.0,79546.0,81221.0,4.0,0.0
45075,92886.0,87671.0,86175.0,82820.0,4.0,0.0
45077,118330.0,123518.0,126884.0,135495.0,2.0,1.0
45079,373789.0,411800.0,415759.0,425138.0,2.0,1.0
45081,19503.0,20299.0,20473.0,19123.0,2.0,1.0
45083,279673.0,306740.0,319785.0,356698.0,2.0,1.0
45085,106463.0,106431.0,106721.0,104165.0,3.0,1.0
45087,29172.0,27400.0,27316.0,26629.0,2.0,1.0
45089,35090.0,31216.0,30368.0,29891.0,6.0,0.0
45091,217463.0,266165.0,280979.0,298320.0,1.0,1.0
46003,2750.0,2769.0,2751.0,2782.0,9.0,0.0
46005,16810.0,18541.0,18453.0,19591.0,7.0,0.0
46007,3429.0,3446.0,3365.0,3305.0,9.0,0.0
46009,7040.0,6952.0,6901.0,7065.0,9.0,0.0
46011,31363.0,34749.0,35077.0,35980.0,5.0,0.0
46013,35865.0,39290.0,38839.0,37733.0,5.0,0.0
46015,5112.0,5304.0,5297.0,5311.0,9.0,0.0
46017,1956.0,2013.0,1962.0,1884.0,9.0,0.0
46019,9977.0,10114.0,10429.0,10863.0,6.0,0.0
46021,1456.0,1372.0,1376.0,1340.0,9.0,0.0
46023,9009.0,9404.0,9292.0,9240.0,9.0,0.0
46025,3714.0,3679.0,3736.0,3948.0,9.0,0.0
46027,13959.0,14032.0,14070.0,15431.0,6.0,0.0
46029,27043.0,28125.0,28009.0,28971.0,5.0,0.0
46031,4051.0,4195.0,4086.0,3782.0,9.0,0.0
46033,8060.0,8763.0,8972.0,9117.0,3.0,1.0
46035,19318.0,19870.0,19775.0,19922.0,7.0,0.0
46037,5638.0,5494.0,5424.0,5451.0,9.0,0.0
46039,4394.0,4311.0,4351.0,4354.0,9.0,0.0
46041,5245.0,5857.0,5892.0,5208.0,9.0,0.0
46043,3006.0,2927.0,2921.0,2838.0,9.0,0.0
46045,4050.0,3915.0,3829.0,4057.0,9.0,0.0
46047,7032.0,6698.0,6713.0,7393.0,6.0,0.0
46049,2415.0,2323.0,2299.0,2151.0,9.0,0.0
46051,7389.0,7159.0,7052.0,7553.0,7.0,0.0
46053,4254.0,4206.0,4185.0,4018.0,9.0,0.0
46055,1945.0,1921.0,1899.0,1851.0,8.0,0.0
46057,5753.0,5998.0,6164.0,6451.0,9.0,0.0
46059,3396.0,3275.0,3191.0,3107.0,9.0,0.0
46061,3399.0,3409.0,3453.0,3471.0,8.0,0.0
46063,1252.0,1244.0,1298.0,1324.0,9.0,0.0
46065,16690.0,17670.0,17526.0,17624.0,7.0,0.0
46067,7363.0,7349.0,7291.0,7394.0,8.0,0.0
46069,1430.0,1297.0,1301.0,1186.0,9.0,0.0
46071,2950.0,3269.0,3344.0,2776.0,8.0,0.0
46073,2023.0,2024.0,2013.0,1660.0,9.0,0.0
46075,976.0,922.0,903.0,855.0,9.0,0.0
46077,5142.0,4929.0,4939.0,5276.0,9.0,0.0
46079,11119.0,12795.0,12797.0,11031.0,6.0,0.0
46081,23659.0,25677.0,25844.0,28053.0,6.0,0.0
46083,41590.0,56681.0,61128.0,73238.0,3.0,1.0
46085,3669.0,3876.0,3781.0,3705.0,9.0,0.0
46087,5598.0,5561.0,5586.0,5809.0,3.0,1.0
46089,2517.0,2401.0,2379.0,2334.0,9.0,0.0
46091,4618.0,4945.0,4935.0,4390.0,9.0,0.0
46093,24931.0,27941.0,28332.0,30954.0,3.0,1.0
46095,2000.0,2063.0,2061.0,1851.0,9.0,0.0
46097,2372.0,2200.0,2216.0,2280.0,8.0,0.0
46099,166320.0,189538.0,193134.0,206930.0,3.0,1.0
46101,6501.0,6494.0,6576.0,6450.0,8.0,0.0
46102,,14384.0,14177.0,13434.0,,
46103,98128.0,110503.0,113775.0,115903.0,3.0,1.0
46105,2936.0,2962.0,2865.0,2834.0,8.0,0.0
46107,2285.0,2214.0,2153.0,2413.0,9.0,0.0
46109,9997.0,10265.0,10394.0,10206.0,9.0,0.0
46111,2374.0,2435.0,2344.0,2399.0,9.0,0.0
46113,13368.0,,,,6.0,0.0
46115,6472.0,6507.0,6376.0,6166.0,9.0,0.0
46117,2864.0,2986.0,3098.0,3043.0,9.0,0.0
46119,1375.0,1398.0,1391.0,1494.0,9.0,0.0
46121,9559.0,10277.0,10177.0,9199.0,9.0,0.0
46123,5671.0,5443.0,5441.0,5621.0,7.0,0.0
46125,8379.0,8303.0,8384.0,9027.0,3.0,1.0
46127,13825.0,15277.0,15932.0,17183.0,3.0,1.0
46129,5368.0,5497.0,5435.0,5269.0,7.0,0.0
46135,22267.0,22682.0,22814.0,23517.0,7.0,0.0
46137,2708.0,2748.0,2756.0,2322.0,8.0,0.0
47001,74397.0,76056.0,76978.0,80234.0,2.0,1.0
47003,44395.0,48211.0,49713.0,53055.0,4.0,0.0
47005,16431.0,15993.0,16160.0,16103.0,7.0,0.0
47007,13070.0,14895.0,15064.0,15060.0,8.0,0.0
47009,121716.0,129999.0,133088.0,141456.0,2.0,1.0
47011,97547.0,105421.0,108110.0,111579.0,3.0,1.0
47013,40672.0,39791.0,39842.0,40223.0,2.0,1.0
47015,13822.0,14157.0,14678.0,15063.0,1.0,1.0
47017,28645.0,27807.0,27767.0,28860.0,6.0,0.0
47019,57895.0,56510.0,56391.0,57022.0,3.0,1.0
47021,38947.0,40366.0,40667.0,42254.0,1.0,1.0
47023,16840.0,17154.0,17297.0,17606.0,3.0,1.0
47025,32006.0,31661.0,31959.0,32654.0,6.0,0.0
47027,7862.0,7663.0,7615.0,7714.0,9.0,0.0
47029,35666.0,35528.0,36004.0,37404.0,6.0,0.0
47031,52460.0,55016.0,56520.0,60633.0,4.0,0.0
47033,14541.0,14436.0,14230.0,13982.0,3.0,1.0
47035,55184.0,59023.0,60520.0,64760.0,4.0,0.0
47037,612649.0,687159.0,694144.0,712334.0,1.0,1.0
47039,11769.0,11732.0,11663.0,11656.0,9.0,0.0
47041,18693.0,19876.0,20490.0,21225.0,6.0,0.0
47043,48929.0,52774.0,53948.0,56729.0,1.0,1.0
47045,38149.0,37339.0,37159.0,36498.0,5.0,0.0
47047,37851.0,40150.0,41133.0,44175.0,1.0,1.0
47049,17851.0,18214.0,18523.0,19696.0,9.0,0.0
47051,41093.0,41623.0,42208.0,44654.0,6.0,0.0
47053,49209.0,49255.0,49133.0,51045.0,4.0,0.0
47055,29705.0,29379.0,29464.0,30721.0,6.0,0.0
47057,22380.0,23106.0,23320.0,24681.0,2.0,1.0
47059,68328.0,68821.0,69069.0,72577.0,4.0,0.0
47061,13963.0,13332.0,13427.0,13955.0,8.0,0.0
47063,62101.0,64062.0,64934.0,66216.0,3.0,1.0
47065,328711.0,361032.0,367804.0,379864.0,2.0,1.0
47067,6765.0,6593.0,6620.0,6956.0,8.0,0.0
47069,27837.0,25488.0,25050.0,25567.0,6.0,0.0
47071,26059.0,25738.0,25652.0,27229.0,6.0,0.0
47073,56698.0,56620.0,56786.0,58600.0,2.0,1.0
47075,18996.0,17607.0,17304.0,17328.0,6.0,0.0
47077,27655.0,27851.0,28117.0,28070.0,6.0,0.0
47079,32106.0,32380.0,32345.0,32554.0,7.0,0.0
47081,24623.0,24839.0,25178.0,25826.0,1.0,1.0
47083,8320.0,8158.0,8201.0,8393.0,8.0,0.0
47085,18411.0,18503.0,18582.0,19209.0,6.0,0.0
47087,11555.0,11702.0,11786.0,12363.0,8.0,0.0
47089,51014.0,53730.0,54495.0,57838.0,3.0,1.0
47091,18220.0,17603.0,17788.0,18375.0,6.0,0.0
47093,425276.0,461565.0,470313.0,500669.0,2.0,1.0
47095,7812.0,7451.0,7016.0,6347.0,9.0,0.0
47097,27840.0,26093.0,25633.0,24610.0,6.0,0.0
47099,41272.0,43388.0,44142.0,46114.0,6.0,0.0
47101,11986.0,12025.0,12268.0,13066.0,6.0,0.0
47103,32975.0,33892.0,34366.0,36169.0,6.0,0.0
47105,47342.0,52260.0,54068.0,60591.0,2.0,1.0
47107,52284.0,52931.0,53794.0,55678.0,4.0,0.0
47109,25766.0,26001.0,25694.0,26163.0,6.0,0.0
47111,22017.0,23905.0,24602.0,26793.0,1.0,1.0
47113,97064.0,97491.0,97984.0,99193.0,3.0,1.0
47115,28138.0,28406.0,28907.0,29382.0,2.0,1.0
47117,30108.0,33020.0,34375.0,36961.0,6.0,0.0
47119,79666.0,92237.0,96387.0,110760.0,1.0,1.0
47121,11606.0,12042.0,12422.0,13691.0,8.0,0.0
47123,44437.0,46035.0,46545.0,48594.0,6.0,0.0
47125,162144.0,199771.0,208993.0,239872.0,2.0,1.0
47127,6299.0,6391.0,6488.0,6748.0,9.0,0.0
47129,21734.0,21555.0,21403.0,21573.0,2.0,1.0
47131,31971.0,30375.0,30069.0,30411.0,7.0,0.0
47133,21756.0,21998.0,22241.0,23327.0,7.0,0.0
47135,7794.0,7954.0,8076.0,8891.0,8.0,0.0
47137,5122.0,5062.0,5048.0,5128.0,9.0,0.0
47139,16759.0,16759.0,16832.0,18033.0,3.0,1.0
47141,70746.0,77299.0,80245.0,83844.0,4.0,0.0
47143,31308.0,32671.0,33167.0,33924.0,6.0,0.0
47145,54374.0,53020.0,53382.0,56096.0,2.0,1.0
47147,64780.0,70328.0,71813.0,76776.0,1.0,1.0
47149,252565.0,316531.0,332285.0,367101.0,1.0,1.0
47151,22214.0,21964.0,22068.0,22171.0,6.0,0.0
47153,13904.0,14767.0,15026.0,17161.0,2.0,1.0
47155,87983.0,97307.0,98250.0,99415.0,4.0,0.0
47157,920685.0,935251.0,937166.0,910042.0,1.0,1.0
47159,19179.0,19732.0,20157.0,20538.0,1.0,1.0
47161,13199.0,13422.0,13715.0,14222.0,8.0,0.0
47163,156028.0,156924.0,158348.0,162135.0,2.0,1.0
47165,155999.0,183756.0,191283.0,207994.0,1.0,1.0
47167,60128.0,61305.0,61599.0,62015.0,1.0,1.0
47169,7777.0,10831.0,11284.0,12271.0,1.0,1.0
47171,18291.0,17796.0,17883.0,17756.0,3.0,1.0
47173,19208.0,19399.0,19972.0,20741.0,2.0,1.0
47175,5541.0,5747.0,5872.0,6493.0,9.0,0.0
47177,39534.0,40717.0,41277.0,42638.0,6.0,0.0
47179,120056.0,127603.0,129375.0,138420.0,3.0,1.0
47181,17004.0,16641.0,16673.0,16066.0,8.0,0.0
47183,34484.0,33325.0,33328.0,33084.0,7.0,0.0
47185,25548.0,26764.0,27345.0,28692.0,7.0,0.0
47187,175498.0,226048.0,238412.0,264460.0,1.0,1.0
47189,110474.0,136691.0,144657.0,163674.0,1.0,1.0
48001,57963.0,58175.0,57735.0,57736.0,7.0,0.0
48003,14099.0,17603.0,18705.0,18664.0,6.0,0.0
48005,84961.0,87572.0,86715.0,87319.0,5.0,0.0
48007,23225.0,25392.0,23510.0,25374.0,2.0,1.0
48009,9104.0,8783.0,8553.0,9029.0,3.0,1.0
48011,1936.0,1867.0,1887.0,1832.0,2.0,1.0
48013,43947.0,49083.0,51153.0,51784.0,1.0,1.0
48015,27935.0,29722.0,30032.0,31677.0,1.0,1.0
48017,6979.0,7066.0,7000.0,6672.0,7.0,0.0
48019,20407.0,22327.0,23112.0,22637.0,1.0,1.0
48021,72389.0,84585.0,88723.0,110778.0,1.0,1.0
48023,3747.0,3555.0,3509.0,3463.0,8.0,0.0
48025,31814.0,32592.0,32565.0,30850.0,6.0,0.0
48027,297873.0,347377.0,362924.0,393193.0,2.0,1.0
48029,1651709.0,1956988.0,2003554.0,2087679.0,1.0,1.0
48031,10061.0,11481.0,11931.0,13048.0,8.0,0.0
48033,612.0,670.0,654.0,572.0,8.0,0.0
48035,17939.0,18295.0,18685.0,18996.0,6.0,0.0
48037,91349.0,93458.0,93245.0,91687.0,3.0,1.0
48039,301336.0,361853.0,374264.0,398938.0,1.0,1.0
48041,185098.0,223917.0,229211.0,244703.0,3.0,1.0
48043,8868.0,9325.0,9203.0,9513.0,7.0,0.0
48045,1651.0,1514.0,1546.0,1445.0,9.0,0.0
48047,7345.0,7132.0,7093.0,6848.0,7.0,0.0
48049,38135.0,37815.0,37864.0,38709.0,5.0,0.0
48051,17025.0,18053.0,18443.0,19475.0,3.0,1.0
48053,42477.0,46600.0,48155.0,53991.0,6.0,0.0
48055,37671.0,42328.0,43664.0,49859.0,1.0,1.0
48057,21127.0,21712.0,21290.0,19696.0,6.0,0.0
48059,13474.0,13968.0,13943.0,14374.0,3.0,1.0
48061,393000.0,422227.0,423163.0,426710.0,2.0,1.0
48063,12331.0,12845.0,13094.0,13000.0,6.0,0.0
48065,6260.0,6005.0,5926.0,5878.0,2.0,1.0
48067,30217.0,29966.0,30026.0,28659.0,6.0,0.0
48069,7758.0,7696.0,7530.0,7227.0,6.0,0.0
48071,31619.0,41269.0,43837.0,53876.0,1.0,1.0
48073,49976.0,52116.0,52646.0,52217.0,6.0,0.0
48075,7123.0,7269.0,7306.0,6788.0,7.0,0.0
48077,10843.0,10484.0,10471.0,10738.0,3.0,1.0
48079,3100.0,2853.0,2853.0,2509.0,9.0,0.0
48081,3348.0,3285.0,3387.0,3352.0,8.0,0.0
48083,8899.0,8399.0,8175.0,7842.0,6.0,0.0
48085,741264.0,971864.0,1034730.0,1195359.0,1.0,1.0
48087,3017.0,2964.0,2920.0,2563.0,9.0,0.0
48089,20818.0,21291.0,21493.0,21117.0,6.0,0.0
48091,103272.0,140721.0,156209.0,193928.0,1.0,1.0
48093,13834.0,13533.0,13635.0,14050.0,7.0,0.0
48095,4108.0,2707.0,2726.0,3297.0,8.0,0.0
48097,38223.0,39932.0,41257.0,43782.0,6.0,0.0
48099,74552.0,74760.0,75951.0,84878.0,2.0,1.0
48101,1527.0,1375.0,1398.0,1294.0,9.0,0.0
48103,4157.0,4685.0,4797.0,4574.0,6.0,0.0
48105,3783.0,3535.0,3464.0,2858.0,7.0,0.0
48107,6192.0,5849.0,5737.0,4917.0,2.0,1.0
48109,2490.0,2230.0,2171.0,2196.0,9.0,0.0
48111,6506.0,7272.0,7287.0,7237.0,7.0,0.0
48113,2314018.0,2620154.0,2635516.0,2606358.0,1.0,1.0
48115,13804.0,12744.0,12728.0,12004.0,7.0,0.0
48117,19054.0,18753.0,18546.0,18347.0,6.0,0.0
48119,5252.0,5276.0,5331.0,5520.0,8.0,0.0
48121,630104.0,835364.0,887207.0,1007703.0,1.0,1.0
48123,19902.0,20180.0,20160.0,19929.0,6.0,0.0
48125,2400.0,2190.0,2211.0,1711.0,8.0,0.0
48127,9833.0,10282.0,10124.0,8257.0,6.0,0.0
48129,3688.0,3340.0,3278.0,3214.0,8.0,0.0
48131,11945.0,11270.0,11157.0,9604.0,7.0,0.0
48133,18520.0,18294.0,18360.0,18037.0,6.0,0.0
48135,133064.0,156951.0,166223.0,164494.0,3.0,1.0
48137,2084.0,1929.0,1932.0,1393.0,9.0,0.0
48139,144394.0,173405.0,184826.0,222829.0,1.0,1.0
48141,769930.0,837401.0,839238.0,869880.0,2.0,1.0
48143,37137.0,41723.0,42698.0,44195.0,4.0,0.0
48145,17698.0,17340.0,17297.0,17286.0,2.0,1.0
48147,33870.0,34550.0,35514.0,37571.0,6.0,0.0
48149,24347.0,25119.0,25346.0,25474.0,6.0,0.0
48151,4065.0,3874.0,3830.0,3612.0,8.0,0.0
48153,6528.0,5830.0,5712.0,5090.0,6.0,0.0
48155,1334.0,1202.0,1155.0,1079.0,9.0,0.0
48157,542957.0,767712.0,811688.0,916778.0,1.0,1.0
48159,10604.0,10798.0,10725.0,10735.0,7.0,0.0
48161,19446.0,19649.0,19717.0,20441.0,7.0,0.0
48163,16939.0,19895.0,20306.0,17987.0,6.0,0.0
48165,16641.0,20553.0,21492.0,22523.0,7.0,0.0
48167,288643.0,334633.0,342139.0,361744.0,1.0,1.0
48169,6158.0,6490.0,6229.0,4517.0,6.0,0.0
48171,24206.0,26483.0,26988.0,27733.0,7.0,0.0
48173,1218.0,1363.0,1409.0,1141.0,8.0,0.0
48175,7164.0,7552.0,7658.0,7144.0,3.0,1.0
48177,19538.0,20742.0,20837.0,19930.0,6.0,0.0
48179,22772.0,22106.0,21886.0,20916.0,6.0,0.0
48181,118834.0,131152.0,136212.0,146907.0,3.0,1.0
48183,119157.0,122852.0,123945.0,126243.0,3.0,1.0
48185,26273.0,27955.0,28880.0,32384.0,6.0,0.0
48187,123398.0,159639.0,166847.0,188454.0,1.0,1.0
48189,35662.0,33954.0,33406.0,31761.0,4.0,0.0
48191,3398.0,3042.0,2964.0,2818.0,9.0,0.0
48193,8497.0,8407.0,8461.0,8619.0,6.0,0.0
48195,5512.0,5485.0,5399.0,5071.0,7.0,0.0
48197,4187.0,3959.0,3933.0,3490.0,9.0,0.0
48199,53206.0,57117.0,57602.0,58261.0,2.0,1.0
48201,3938580.0,4657972.0,4713325.0,4835125.0,1.0,1.0
48203,64107.0,66468.0,66553.0,70895.0,4.0,0.0
48205,5820.0,5716.0,5576.0,5145.0,7.0,0.0
48207,5839.0,5699.0,5658.0,5385.0,6.0,0.0
48209,147674.0,214726.0,230191.0,280486.0,1.0,1.0
48211,3680.0,3929.0,3819.0,3189.0,7.0,0.0
48213,78033.0,80954.0,82737.0,86158.0,4.0,0.0
48215,736694.0,856249.0,868707.0,898471.0,2.0,1.0
48217,34997.0,35703.0,36649.0,38101.0,6.0,0.0
48219,22958.0,22977.0,23021.0,21460.0,6.0,0.0
48221,50112.0,57973.0,61643.0,67774.0,1.0,1.0
48223,34472.0,36451.0,37084.0,38172.0,6.0,0.0
48225,23635.0,23089.0,22968.0,22066.0,7.0,0.0
48227,34393.0,35817.0,36664.0,30554.0,4.0,0.0
48229,3374.0,4604.0,4886.0,3451.0,2.0,1.0
48231,84447.0,94046.0,98594.0,113347.0,1.0,1.0
48233,21851.0,21343.0,20938.0,20033.0,6.0,0.0
48235,1571.0,1512.0,1536.0,1549.0,3.0,1.0
48237,9030.0,8828.0,8935.0,8875.0,6.0,0.0
48239,13957.0,14806.0,14760.0,15221.0,6.0,0.0
48241,35170.0,35549.0,35529.0,32694.0,6.0,0.0
48243,2316.0,2260.0,2274.0,1856.0,9.0,0.0
48245,249430.0,256041.0,251565.0,251496.0,2.0,1.0
48247,5198.0,5212.0,5200.0,4720.0,6.0,0.0
48249,40554.0,40920.0,40482.0,38662.0,4.0,0.0
48251,148635.0,167012.0,175817.0,202906.0,1.0,1.0
48253,20131.0,19827.0,20083.0,20381.0,3.0,1.0
48255,14867.0,15556.0,15601.0,15018.0,6.0,0.0
48257,99285.0,122628.0,136154.0,185690.0,1.0,1.0
48259,31754.0,43969.0,47431.0,50537.0,1.0,1.0
48261,410.0,427.0,404.0,343.0,9.0,0.0
48263,787.0,759.0,762.0,734.0,9.0,0.0
48265,48852.0,51892.0,52600.0,53915.0,4.0,0.0
48267,4520.0,4385.0,4337.0,4442.0,7.0,0.0
48269,272.0,289.0,272.0,217.0,9.0,0.0
48271,3507.0,3711.0,3667.0,3148.0,7.0,0.0
48273,31555.0,30752.0,30680.0,30069.0,4.0,0.0
48275,3650.0,3674.0,3664.0,3302.0,9.0,0.0
48277,49467.0,49568.0,49859.0,51127.0,5.0,0.0
48279,14036.0,13165.0,12893.0,12711.0,6.0,0.0
48281,19812.0,20861.0,21428.0,23262.0,2.0,1.0
48283,6653.0,7530.0,7520.0,6537.0,6.0,0.0
48285,19185.0,20028.0,20154.0,20571.0,6.0,0.0
48287,16550.0,17109.0,17239.0,18240.0,6.0,0.0
48289,16832.0,17235.0,17404.0,16538.0,8.0,0.0
48291,74915.0,83597.0,88219.0,108272.0,1.0,1.0
48293,23065.0,23391.0,23437.0,22250.0,6.0,0.0
48295,3183.0,3364.0,3233.0,2906.0,9.0,0.0
48297,11479.0,12146.0,12207.0,11584.0,8.0,0.0
48299,19034.0,21167.0,21795.0,22875.0,7.0,0.0
48301,61.0,133.0,169.0,43.0,9.0,0.0
48303,268197.0,305413.0,310569.0,320940.0,2.0,1.0
48305,5932.0,5832.0,5951.0,5761.0,2.0,1.0
48307,8203.0,7941.0,7984.0,7452.0,7.0,0.0
48309,229037.0,251631.0,256623.0,268583.0,2.0,1.0
48311,736.0,765.0,743.0,568.0,9.0,0.0
48313,13340.0,14251.0,14284.0,13742.0,6.0,0.0
48315,10748.0,10057.0,9854.0,9571.0,8.0,0.0
48317,4558.0,5531.0,5771.0,5216.0,3.0,1.0
48319,3876.0,4179.0,4274.0,3931.0,9.0,0.0
48321,36708.0,36805.0,36643.0,36359.0,4.0,0.0
48323,52190.0,58111.0,58722.0,57762.0,5.0,0.0
48325,45131.0,50183.0,51584.0,54797.0,1.0,1.0
48327,2217.0,2110.0,2138.0,1958.0,9.0,0.0
48329,132502.0,165318.0,176832.0,177108.0,3.0,1.0
48331,25065.0,24939.0,24823.0,25951.0,6.0,0.0
48333,4876.0,4917.0,4873.0,4548.0,9.0,0.0
48335,9285.0,8215.0,8545.0,9075.0,7.0,0.0
48337,19882.0,19399.0,19818.0,21598.0,6.0,0.0
48339,429818.0,571615.0,607391.0,711354.0,1.0,1.0
48341,20917.0,21604.0,20940.0,21190.0,7.0,0.0
48343,13092.0,12375.0,12388.0,12066.0,6.0,0.0
48345,1197.0,1226.0,1200.0,1020.0,9.0,0.0
48347,62957.0,65317.0,65204.0,65375.0,5.0,0.0
48349,47408.0,48739.0,50113.0,55635.0,4.0,0.0
48351,14393.0,13908.0,13595.0,12039.0,2.0,1.0
48353,15093.0,14854.0,14714.0,14306.0,6.0,0.0
48355,333526.0,361235.0,362294.0,352289.0,2.0,1.0
48357,9962.0,9996.0,9836.0,9704.0,7.0,0.0
48359,2004.0,2104.0,2112.0,1783.0,2.0,1.0
48361,82612.0,84971.0,83396.0,85722.0,2.0,1.0
48363,27916.0,28544.0,29189.0,29747.0,6.0,0.0
48365,23537.0,23211.0,23194.0,22838.0,6.0,0.0
48367,112911.0,133501.0,142878.0,173494.0,1.0,1.0
48369,9994.0,9710.0,9605.0,9617.0,7.0,0.0
48371,15251.0,15634.0,15823.0,14623.0,7.0,0.0
48373,45794.0,48990.0,51353.0,54186.0,6.0,0.0
48375,119740.0,120340.0,117415.0,114647.0,2.0,1.0
48377,7683.0,7100.0,6704.0,5795.0,7.0,0.0
48379,11022.0,11730.0,12514.0,12986.0,8.0,0.0
48381,116518.0,134015.0,137713.0,148255.0,2.0,1.0
48383,3339.0,3712.0,3849.0,3141.0,6.0,0.0
48385,3241.0,3417.0,3452.0,2854.0,9.0,0.0
48387,12922.0,12164.0,12023.0,11678.0,6.0,0.0
48389,13211.0,15166.0,15976.0,11770.0,7.0,0.0
48391,7430.0,7180.0,6948.0,6666.0,6.0,0.0
48393,904.0,941.0,854.0,840.0,9.0,0.0
48395,16535.0,17153.0,17074.0,17267.0,3.0,1.0
48397,73929.0,96824.0,104915.0,131307.0,1.0,1.0
48399,10444.0,10282.0,10264.0,9868.0,6.0,0.0
48401,52195.0,54213.0,54406.0,53079.0,3.0,1.0
48403,10565.0,10417.0,10542.0,10106.0,8.0,0.0
48405,9039.0,8302.0,8237.0,7833.0,9.0,0.0
48407,25889.0,28231.0,28859.0,28936.0,8.0,0.0
48409,66417.0,67210.0,66730.0,70660.0,2.0,1.0
48411,5965.0,5996.0,6055.0,5845.0,7.0,0.0
48413,3255.0,2989.0,2793.0,2391.0,8.0,0.0
48415,16478.0,17003.0,16703.0,16212.0,7.0,0.0
48417,3314.0,3289.0,3265.0,3229.0,8.0,0.0
48419,25381.0,25225.0,25274.0,24179.0,7.0,0.0
48421,3035.0,3046.0,3022.0,2678.0,9.0,0.0
48423,203263.0,227195.0,232751.0,245209.0,3.0,1.0
48425,8233.0,8855.0,9128.0,9888.0,1.0,1.0
48427,59763.0,64130.0,64633.0,65934.0,4.0,0.0
48429,9556.0,9287.0,9366.0,9343.0,7.0,0.0
48431,1169.0,1287.0,1291.0,1397.0,8.0,0.0
48433,1443.0,1376.0,1350.0,1218.0,9.0,0.0
48435,4321.0,3792.0,3776.0,3221.0,7.0,0.0
48437,7802.0,7446.0,7397.0,6955.0,6.0,0.0
48439,1745602.0,2056451.0,2102515.0,2182947.0,1.0,1.0
48441,128903.0,136634.0,138034.0,146836.0,3.0,1.0
48443,884.0,814.0,776.0,687.0,9.0,0.0
48445,12394.0,12429.0,12337.0,11547.0,6.0,0.0
48447,1635.0,1510.0,1501.0,1526.0,9.0,0.0
48449,30963.0,32619.0,32750.0,31357.0,7.0,0.0
48451,107639.0,117566.0,119200.0,119057.0,3.0,1.0
48453,980699.0,1227585.0,1273954.0,1334961.0,1.0,1.0
48455,14380.0,14677.0,14651.0,14228.0,7.0,0.0
48457,21570.0,21517.0,21672.0,20382.0,6.0,0.0
48459,38706.0,41069.0,41753.0,43281.0,3.0,1.0
48461,3231.0,3658.0,3657.0,3109.0,8.0,0.0
48463,26206.0,27043.0,26741.0,24960.0,6.0,0.0
48465,47882.0,49028.0,49025.0,47720.0,5.0,0.0
48467,52470.0,55163.0,56590.0,64000.0,6.0,0.0
48469,85762.0,92045.0,92084.0,91664.0,3.0,1.0
48471,65726.0,72816.0,72971.0,81268.0,4.0,0.0
48473,40578.0,51717.0,55246.0,63553.0,1.0,1.0
48475,10588.0,11383.0,11998.0,10966.0,6.0,0.0
48477,32869.0,34861.0,35882.0,37007.0,6.0,0.0
48479,240287.0,273691.0,276652.0,269148.0,2.0,1.0
48481,40893.0,41837.0,41556.0,41739.0,4.0,0.0
48483,5199.0,5300.0,5056.0,4804.0,9.0,0.0
48485,130340.0,131689.0,132230.0,130180.0,3.0,1.0
48487,13506.0,12683.0,12769.0,12522.0,6.0,0.0
48489,21763.0,21508.0,21358.0,20037.0,6.0,0.0
48491,395437.0,546251.0,590551.0,697191.0,1.0,1.0
48493,41657.0,49211.0,51070.0,54183.0,1.0,1.0
48495,7024.0,7605.0,8010.0,7414.0,6.0,0.0
48497,58181.0,65848.0,69984.0,78097.0,1.0,1.0
48499,41722.0,44263.0,45539.0,47921.0,6.0,0.0
48501,7765.0,8557.0,8713.0,7468.0,7.0,0.0
48503,18104.0,17922.0,18010.0,18124.0,7.0,0.0
48505,13640.0,14254.0,14179.0,13736.0,6.0,0.0
48507,11725.0,11957.0,11840.0,9312.0,7.0,0.0
49001,6413.0,6421.0,6710.0,7233.0,7.0,0.0
49003,48437.0,53977.0,56046.0,62684.0,2.0,1.0
49005,106824.0,124236.0,128289.0,142393.0,3.0,1.0
49007,20596.0,20131.0,20463.0,20609.0,7.0,0.0
49009,993.0,1013.0,950.0,992.0,9.0,0.0
49011,295801.0,346658.0,355481.0,373207.0,2.0,1.0
49013,17412.0,19868.0,19938.0,20477.0,7.0,0.0
49015,10740.0,10006.0,10012.0,10144.0,7.0,0.0
49017,5010.0,5025.0,5051.0,5314.0,9.0,0.0
49019,8981.0,9589.0,9754.0,9706.0,7.0,0.0
49021,44547.0,50761.0,54839.0,64211.0,4.0,0.0
49023,10024.0,11293.0,12017.0,13023.0,2.0,1.0
49025,6853.0,7520.0,7886.0,8425.0,6.0,0.0
49027,12146.0,12821.0,13188.0,13437.0,7.0,0.0
49029,9126.0,11829.0,12124.0,13000.0,2.0,1.0
49031,1511.0,1407.0,1479.0,1550.0,9.0,0.0
49033,2227.0,2395.0,2483.0,2670.0,8.0,0.0
49035,999553.0,1136719.0,1160437.0,1185813.0,1.0,1.0
49037,14436.0,15277.0,15308.0,14358.0,7.0,0.0
49039,26959.0,29921.0,30939.0,30277.0,6.0,0.0
49041,20599.0,21292.0,21620.0,22344.0,7.0,0.0
49043,35229.0,41330.0,42145.0,42759.0,4.0,0.0
49045,55909.0,67486.0,72259.0,82051.0,1.0,1.0
49047,31009.0,35228.0,35734.0,37747.0,7.0,0.0
49049,487615.0,606742.0,636235.0,719174.0,2.0,1.0
49051,22120.0,31890.0,34091.0,37144.0,6.0,0.0
49053,135552.0,165929.0,177556.0,202452.0,3.0,1.0
49055,2731.0,2702.0,2711.0,2614.0,9.0,0.0
49057,223676.0,251576.0,260213.0,271926.0,2.0,1.0
50001,36905.0,36900.0,36777.0,37720.0,6.0,0.0
50003,37168.0,35675.0,35470.0,37183.0,6.0,0.0
50005,31167.0,30141.0,29993.0,30610.0,7.0,0.0
50007,154659.0,163031.0,163774.0,169481.0,3.0,1.0
50009,6404.0,6184.0,6163.0,6010.0,9.0,0.0
50011,47462.0,48969.0,49402.0,50994.0,3.0,1.0
50013,7211.0,6975.0,7235.0,7467.0,3.0,1.0
50015,23971.0,25360.0,25362.0,26060.0,8.0,0.0
50017,29032.0,28964.0,28892.0,29943.0,9.0,0.0
50019,27269.0,26811.0,27037.0,27516.0,7.0,0.0
50021,62368.0,59006.0,58191.0,60271.0,4.0,0.0
50023,59278.0,58253.0,58409.0,60142.0,4.0,0.0
50025,44407.0,42851.0,42222.0,45966.0,7.0,0.0
50027,56850.0,55224.0,55062.0,58101.0,7.0,0.0
51001,33970.0,32685.0,32316.0,33239.0,8.0,0.0
51003,97081.0,107768.0,109330.0,115676.0,3.0,1.0
51005,16404.0,15128.0,14860.0,14595.0,6.0,0.0
51007,12563.0,12980.0,13145.0,13480.0,1.0,1.0
51009,32510.0,31863.0,31605.0,31396.0,2.0,1.0
51011,14795.0,15723.0,15911.0,16864.0,2.0,1.0
51013,196305.0,234647.0,236842.0,234162.0,1.0,1.0
51015,73555.0,75177.0,75558.0,78247.0,3.0,1.0
51017,4778.0,4266.0,4147.0,4051.0,8.0,0.0
51019,67594.0,78378.0,78997.0,81525.0,2.0,1.0
51021,6921.0,6354.0,6280.0,6179.0,8.0,0.0
51023,32955.0,33313.0,33419.0,34125.0,2.0,1.0
51025,17791.0,16570.0,16231.0,15749.0,6.0,0.0
51027,24371.0,21604.0,21004.0,19087.0,9.0,0.0
51029,16819.0,17038.0,17148.0,16978.0,3.0,1.0
51031,54232.0,55326.0,54885.0,55270.0,2.0,1.0
51033,28011.0,30432.0,30725.0,32640.0,1.0,1.0
51035,30067.0,29812.0,29791.0,29239.0,7.0,0.0
51036,7232.0,7026.0,6963.0,6610.0,1.0,1.0
51037,12654.0,12077.0,11880.0,11336.0,8.0,0.0
51041,309837.0,343276.0,352802.0,383876.0,1.0,1.0
51043,14092.0,14454.0,14619.0,15466.0,1.0,1.0
51045,5167.0,5062.0,5131.0,4843.0,2.0,1.0
51047,46056.0,51235.0,52605.0,54973.0,1.0,1.0
51049,9849.0,9828.0,9932.0,9878.0,8.0,0.0
51051,16078.0,14722.0,14318.0,13640.0,9.0,0.0
51053,27694.0,28630.0,28544.0,28343.0,1.0,1.0
51057,10920.0,10969.0,10953.0,10598.0,6.0,0.0
51059,1044178.0,1148728.0,1147532.0,1141878.0,1.0,1.0
51061,64558.0,69547.0,71222.0,75165.0,1.0,1.0
51063,15101.0,15758.0,15749.0,15679.0,3.0,1.0
51065,25461.0,26480.0,27270.0,28462.0,3.0,1.0
51067,55284.0,56315.0,56042.0,55549.0,2.0,1.0
51069,76060.0,86456.0,89313.0,95994.0,3.0,1.0
51071,17168.0,16754.0,16720.0,16457.0,3.0,1.0
51073,36638.0,37295.0,37348.0,40057.0,1.0,1.0
51075,21285.0,22703.0,23753.0,27197.0,1.0,1.0
51077,15938.0,15697.0,15550.0,15285.0,9.0,0.0
51079,18131.0,19593.0,19819.0,21301.0,3.0,1.0
51081,12206.0,11569.0,11336.0,11133.0,6.0,0.0
51083,36347.0,34575.0,33911.0,33432.0,6.0,0.0
51085,99404.0,105674.0,107766.0,114148.0,1.0,1.0
51087,300198.0,327559.0,330818.0,334760.0,1.0,1.0
51089,55073.0,51346.0,50557.0,49702.0,4.0,0.0
51091,2403.0,2217.0,2190.0,2339.0,8.0,0.0
51093,34955.0,36571.0,37109.0,40711.0,1.0,1.0
51095,64436.0,75274.0,76523.0,82654.0,1.0,1.0
51097,6916.0,6999.0,7025.0,6720.0,8.0,0.0
51099,22996.0,26337.0,26836.0,28568.0,6.0,0.0
51101,15604.0,16684.0,17148.0,19030.0,1.0,1.0
51103,11481.0,10725.0,10603.0,10859.0,9.0,0.0
51105,25463.0,23900.0,23423.0,21745.0,8.0,0.0
51107,292570.0,397049.0,413538.0,436347.0,1.0,1.0
51109,32475.0,35912.0,37591.0,41037.0,8.0,0.0
51111,12936.0,12333.0,12196.0,12038.0,9.0,0.0
51113,13332.0,13212.0,13261.0,14128.0,8.0,0.0
51115,9041.0,8709.0,8834.0,8514.0,1.0,1.0
51117,32920.0,30693.0,30587.0,30648.0,7.0,0.0
51119,10806.0,10625.0,10582.0,10924.0,8.0,0.0
51121,92724.0,98142.0,98535.0,98666.0,3.0,1.0
51125,15050.0,14800.0,14930.0,14705.0,3.0,1.0
51127,17728.0,21638.0,23091.0,26134.0,1.0,1.0
51131,12586.0,11872.0,11710.0,12021.0,8.0,0.0
51133,12496.0,12271.0,12095.0,12391.0,9.0,0.0
51135,15847.0,15432.0,15232.0,15566.0,6.0,0.0
51137,33077.0,35870.0,37051.0,38574.0,6.0,0.0
51139,24208.0,23784.0,23902.0,23741.0,6.0,0.0
51141,18677.0,17713.0,17608.0,17509.0,8.0,0.0
51143,63472.0,61309.0,60354.0,59571.0,4.0,0.0
51145,27745.0,28716.0,29652.0,32105.0,1.0,1.0
51147,22959.0,22678.0,22802.0,22049.0,6.0,0.0
51149,35059.0,38006.0,38353.0,42871.0,1.0,1.0
51153,374776.0,463069.0,470335.0,489640.0,1.0,1.0
51155,35051.0,34225.0,34027.0,33655.0,3.0,1.0
51157,7420.0,7393.0,7370.0,7414.0,1.0,1.0
51159,9386.0,8889.0,9023.0,9184.0,9.0,0.0
51161,91704.0,93939.0,94186.0,97026.0,2.0,1.0
51163,22363.0,22668.0,22573.0,22358.0,6.0,0.0
51165,75075.0,80397.0,81948.0,86568.0,3.0,1.0
51167,28831.0,27046.0,26586.0,25477.0,7.0,0.0
51169,23237.0,21893.0,21566.0,21433.0,2.0,1.0
51171,41720.0,43276.0,43616.0,45228.0,6.0,0.0
51173,32386.0,30731.0,30104.0,29216.0,7.0,0.0
51175,18706.0,17841.0,17631.0,17975.0,6.0,0.0
51177,120195.0,132739.0,136215.0,149588.0,1.0,1.0
51179,124323.0,146792.0,152882.0,165428.0,1.0,1.0
51181,7061.0,6503.0,6422.0,6593.0,8.0,0.0
51183,12215.0,11379.0,11159.0,10757.0,1.0,1.0
51185,45020.0,41303.0,40595.0,39120.0,5.0,0.0
51187,37259.0,39409.0,40164.0,41843.0,1.0,1.0
51191,54475.0,54179.0,53740.0,54050.0,2.0,1.0
51193,17305.0,17725.0,18015.0,19013.0,6.0,0.0
51195,41489.0,38574.0,37383.0,35174.0,7.0,0.0
51197,29123.0,28829.0,28684.0,28104.0,6.0,0.0
51199,64944.0,68022.0,68280.0,70952.0,1.0,1.0
51510,132949.0,159215.0,159428.0,155230.0,1.0,1.0
51515,6150.0,,,,2.0,1.0
51520,17631.0,16880.0,16762.0,16807.0,2.0,1.0
51530,6664.0,6482.0,6478.0,6566.0,6.0,0.0
51540,42130.0,47463.0,47266.0,44983.0,3.0,1.0
51550,218458.0,240143.0,244835.0,253886.0,1.0,1.0
51570,17387.0,17424.0,17370.0,18393.0,1.0,1.0
51580,5991.0,5576.0,5538.0,5545.0,6.0,0.0
51590,43765.0,41044.0,40044.0,41837.0,4.0,0.0
51595,5820.0,5467.0,5346.0,5463.0,6.0,0.0
51600,22112.0,23435.0,24019.0,25144.0,1.0,1.0
51610,11219.0,14245.0,14617.0,14685.0,1.0,1.0
51620,8538.0,8145.0,7967.0,8339.0,6.0,0.0
51630,23277.0,28498.0,29036.0,28928.0,1.0,1.0
51640,6888.0,6484.0,6347.0,6717.0,7.0,0.0
51650,138957.0,134725.0,134510.0,137098.0,1.0,1.0
51660,47286.0,53644.0,53016.0,51082.0,3.0,1.0
51670,22576.0,22505.0,22529.0,22752.0,1.0,1.0
51678,6963.0,7154.0,7446.0,7528.0,6.0,0.0
51680,74018.0,80523.0,82168.0,79535.0,2.0,1.0
51683,34858.0,41141.0,41085.0,42696.0,1.0,1.0
51685,12744.0,17149.0,17478.0,16361.0,1.0,1.0
51690,14040.0,12823.0,12554.0,13763.0,4.0,0.0
51700,181287.0,179447.0,179225.0,183118.0,1.0,1.0
51710,241201.0,244543.0,242742.0,230930.0,1.0,1.0
51720,3861.0,3918.0,3981.0,3492.0,7.0,0.0
51730,32321.0,31137.0,31346.0,33309.0,1.0,1.0
51735,12103.0,12039.0,12271.0,12635.0,1.0,1.0
51740,95802.0,94838.0,94398.0,96793.0,1.0,1.0
51750,16304.0,17484.0,18249.0,16971.0,3.0,1.0
51760,202254.0,227230.0,230436.0,229247.0,1.0,1.0
51770,95813.0,98986.0,99143.0,97171.0,2.0,1.0
51775,24673.0,25373.0,25301.0,25600.0,2.0,1.0
51790,23945.0,24325.0,24932.0,25915.0,3.0,1.0
51800,82603.0,90108.0,92108.0,100659.0,1.0,1.0
51810,433331.0,449896.0,449974.0,453649.0,1.0,1.0
51820,20920.0,22242.0,22630.0,23182.0,3.0,1.0
51830,13296.0,14994.0,14954.0,15847.0,1.0,1.0
51840,26004.0,28178.0,28078.0,27617.0,3.0,1.0
53001,17782.0,19651.0,19983.0,20820.0,6.0,0.0
53003,21393.0,22509.0,22582.0,22549.0,3.0,1.0
53005,166573.0,198200.0,204390.0,215219.0,2.0,1.0
53007,70813.0,76298.0,77200.0,79997.0,3.0,1.0
53009,70769.0,75637.0,77331.0,77616.0,5.0,0.0
53011,415282.0,474381.0,488241.0,521150.0,1.0,1.0
53013,3903.0,4002.0,3985.0,4053.0,3.0,1.0
53015,101688.0,106805.0,110593.0,112864.0,3.0,1.0
53017,37216.0,42027.0,43429.0,44798.0,3.0,1.0
53019,7439.0,7576.0,7627.0,7497.0,9.0,0.0
53021,70775.0,91896.0,95222.0,99034.0,2.0,1.0
53023,2244.0,2215.0,2225.0,2363.0,8.0,0.0
53025,84944.0,95357.0,97733.0,102678.0,5.0,0.0
53027,72027.0,72490.0,75061.0,77290.0,4.0,0.0
53029,78375.0,83250.0,85141.0,86267.0,4.0,0.0
53031,29648.0,31210.0,32221.0,33714.0,6.0,0.0
53033,1875020.0,2203836.0,2252782.0,2271380.0,1.0,1.0
53035,246912.0,266289.0,271473.0,277658.0,2.0,1.0
53037,40015.0,46176.0,47935.0,45508.0,4.0,0.0
53039,20135.0,21751.0,22425.0,23589.0,6.0,0.0
53041,74899.0,78320.0,80707.0,86154.0,4.0,0.0
53043,10608.0,10585.0,10939.0,11738.0,8.0,0.0
53045,59785.0,63740.0,66768.0,68389.0,4.0,0.0
53047,40235.0,41915.0,42243.0,43712.0,6.0,0.0
53049,21305.0,21742.0,22471.0,24200.0,7.0,0.0
53051,12985.0,13358.0,13724.0,14361.0,2.0,1.0
53053,785400.0,879654.0,904980.0,928696.0,1.0,1.0
53055,15590.0,16729.0,17582.0,18566.0,9.0,0.0
53057,115808.0,125860.0,129205.0,131417.0,3.0,1.0
53059,10918.0,11809.0,12083.0,12640.0,1.0,1.0
53061,694622.0,802089.0,822083.0,844761.0,1.0,1.0
53063,462263.0,505623.0,522798.0,551455.0,2.0,1.0
53065,43398.0,44636.0,45723.0,48837.0,2.0,1.0
53067,244332.0,280269.0,290536.0,299003.0,2.0,1.0
53069,4033.0,4251.0,4488.0,4765.0,8.0,0.0
53071,57315.0,60512.0,60760.0,61568.0,3.0,1.0
53073,196708.0,221410.0,229247.0,231919.0,3.0,1.0
53075,43802.0,49382.0,50104.0,48012.0,4.0,0.0
53077,235272.0,249922.0,250873.0,256643.0,3.0,1.0
54001,16241.0,16515.0,16441.0,15378.0,6.0,0.0
54003,101629.0,115073.0,119171.0,132440.0,2.0,1.0
54005,24794.0,22369.0,21457.0,20576.0,3.0,1.0
54007,14587.0,14217.0,13957.0,12162.0,8.0,0.0
54009,24168.0,22373.0,21939.0,21373.0,3.0,1.0
54011,95209.0,94452.0,91945.0,92082.0,2.0,1.0
54013,7621.0,7310.0,7109.0,5959.0,8.0,0.0
54015,9603.0,8693.0,8508.0,7783.0,3.0,1.0
54017,8034.0,8518.0,8448.0,7680.0,9.0,0.0
54019,46171.0,43607.0,42406.0,39072.0,3.0,1.0
54021,8408.0,8042.0,7823.0,7254.0,7.0,0.0
54023,12022.0,11627.0,11568.0,10921.0,7.0,0.0
54025,35457.0,35208.0,34662.0,32149.0,6.0,0.0
54027,23664.0,23386.0,23175.0,23649.0,3.0,1.0
54029,30802.0,29383.0,28810.0,28145.0,3.0,1.0
54031,13793.0,13849.0,13776.0,14251.0,6.0,0.0
54033,68441.0,67905.0,67256.0,64639.0,5.0,0.0
54035,29101.0,28908.0,28576.0,27593.0,6.0,0.0
54037,52184.0,56444.0,57146.0,59787.0,1.0,1.0
54039,192414.0,183385.0,178124.0,174805.0,3.0,1.0
54041,16422.0,16178.0,15907.0,16500.0,7.0,0.0
54043,21881.0,20872.0,20409.0,19701.0,2.0,1.0
54045,36548.0,33028.0,32019.0,30827.0,6.0,0.0
54047,22494.0,18505.0,17624.0,17439.0,7.0,0.0
54049,56141.0,56349.0,56072.0,55807.0,4.0,0.0
54051,33248.0,31252.0,30531.0,29405.0,3.0,1.0
54053,27097.0,26806.0,26516.0,24765.0,6.0,0.0
54055,61848.0,59869.0,58758.0,58057.0,4.0,0.0
54057,27824.0,27223.0,26868.0,26867.0,3.0,1.0
54059,26850.0,24142.0,23424.0,22023.0,7.0,0.0
54061,92200.0,105782.0,105612.0,107718.0,3.0,1.0
54063,13607.0,13382.0,13275.0,12382.0,8.0,0.0
54065,17520.0,17716.0,17884.0,17649.0,8.0,0.0
54067,26138.0,25125.0,24496.0,24169.0,6.0,0.0
54069,44469.0,42001.0,41411.0,41194.0,3.0,1.0
54071,7761.0,6973.0,6969.0,6029.0,8.0,0.0
54073,7702.0,7455.0,7460.0,7428.0,6.0,0.0
54075,8807.0,8493.0,8247.0,7765.0,9.0,0.0
54077,33067.0,33826.0,33432.0,34099.0,3.0,1.0
54079,55051.0,56692.0,56450.0,56962.0,2.0,1.0
54081,78379.0,75066.0,73361.0,72356.0,3.0,1.0
54083,29236.0,28894.0,28695.0,27350.0,7.0,0.0
54085,10516.0,9851.0,9554.0,8167.0,8.0,0.0
54087,15048.0,14004.0,13688.0,13743.0,6.0,0.0
54089,13712.0,12882.0,12573.0,11581.0,6.0,0.0
54091,16792.0,16914.0,16695.0,16388.0,6.0,0.0
54093,7160.0,6992.0,6839.0,6604.0,8.0,0.0
54095,9363.0,8800.0,8591.0,7919.0,9.0,0.0
54097,23929.0,24555.0,24176.0,23529.0,7.0,0.0
54099,42767.0,40215.0,39402.0,37686.0,2.0,1.0
54101,9260.0,8348.0,8114.0,8045.0,9.0,0.0
54103,16645.0,15433.0,15065.0,13890.0,6.0,0.0
54105,5745.0,5786.0,5821.0,5000.0,3.0,1.0
54107,86783.0,85060.0,83518.0,83052.0,3.0,1.0
54109,23957.0,21271.0,20394.0,20277.0,6.0,0.0
55001,21101.0,19900.0,20220.0,21449.0,8.0,0.0
55003,16145.0,15501.0,15562.0,16079.0,7.0,0.0
55005,46009.0,45141.0,45244.0,46833.0,6.0,0.0
55007,15160.0,15006.0,15036.0,16769.0,8.0,0.0
55009,244016.0,261762.0,264542.0,271417.0,2.0,1.0
55011,13734.0,13105.0,13031.0,13419.0,8.0,0.0
55013,15696.0,15295.0,15414.0,17092.0,8.0,0.0
55015,48014.0,49995.0,50089.0,53199.0,3.0,1.0
55017,61524.0,63747.0,64658.0,66970.0,3.0,1.0
55019,34644.0,34571.0,34774.0,34774.0,6.0,0.0
55021,56362.0,57244.0,57532.0,58091.0,2.0,1.0
55023,16808.0,16199.0,16131.0,15944.0,7.0,0.0
55025,477791.0,537453.0,546695.0,575347.0,2.0,1.0
55027,89239.0,87705.0,87839.0,88231.0,4.0,0.0
55029,28023.0,27454.0,27668.0,30562.0,6.0,0.0
55031,43830.0,43328.0,43150.0,44264.0,2.0,1.0
55033,43382.0,44714.0,45368.0,45794.0,6.0,0.0
55035,97176.0,103582.0,104646.0,107903.0,3.0,1.0
55037,4564.0,4335.0,4295.0,4682.0,9.0,0.0
55039,101122.0,102417.0,103403.0,103948.0,3.0,1.0
55041,9620.0,8969.0,9004.0,9325.0,9.0,0.0
55043,50834.0,51728.0,51439.0,51409.0,6.0,0.0
55045,36598.0,36877.0,36960.0,36951.0,2.0,1.0
55047,19102.0,18720.0,18913.0,19344.0,6.0,0.0
55049,23701.0,23676.0,23678.0,23956.0,2.0,1.0
55051,6101.0,5675.0,5687.0,6228.0,9.0,0.0
55053,20348.0,20485.0,20643.0,20855.0,6.0,0.0
55055,83140.0,84733.0,84769.0,85743.0,4.0,0.0
55057,26825.0,26460.0,26687.0,26594.0,7.0,0.0
55059,164636.0,168356.0,169561.0,167488.0,1.0,1.0
55061,20636.0,20401.0,20434.0,20690.0,2.0,1.0
55063,112761.0,118033.0,118016.0,120486.0,3.0,1.0
55065,16768.0,16689.0,16665.0,16945.0,8.0,0.0
55067,20248.0,19175.0,19189.0,19404.0,6.0,0.0
55069,29094.0,27751.0,27593.0,28405.0,6.0,0.0
55071,81698.0,79099.0,78981.0,81331.0,4.0,0.0
55073,133036.0,135452.0,135692.0,138612.0,3.0,1.0
55075,42019.0,40300.0,40350.0,42106.0,6.0,0.0
55077,15485.0,15280.0,15574.0,15838.0,8.0,0.0
55078,4214.0,4599.0,4556.0,4226.0,8.0,0.0
55079,934752.0,950172.0,945726.0,916205.0,1.0,1.0
55081,44157.0,45715.0,46253.0,46151.0,6.0,0.0
55083,37816.0,37531.0,37930.0,39775.0,2.0,1.0
55085,36500.0,35236.0,35595.0,38226.0,7.0,0.0
55087,174388.0,185816.0,187885.0,193234.0,3.0,1.0
55089,85994.0,88443.0,89221.0,93460.0,1.0,1.0
55091,7545.0,7246.0,7287.0,7441.0,8.0,0.0
55093,40758.0,42016.0,42754.0,43026.0,1.0,1.0
55095,44331.0,43397.0,43783.0,45762.0,6.0,0.0
55097,69641.0,70565.0,70772.0,71024.0,4.0,0.0
55099,14411.0,13380.0,13351.0,14102.0,9.0,0.0
55101,194730.0,195825.0,196311.0,196613.0,3.0,1.0
55103,18205.0,17517.0,17252.0,17197.0,6.0,0.0
55105,160647.0,162205.0,163354.0,164278.0,3.0,1.0
55107,14884.0,14148.0,14178.0,14143.0,6.0,0.0
55109,83192.0,88560.0,90687.0,96763.0,1.0,1.0
55111,61231.0,63967.0,64442.0,65920.0,4.0,0.0
55113,16650.0,16367.0,16558.0,18552.0,7.0,0.0
55115,41894.0,40846.0,40899.0,41109.0,6.0,0.0
55117,115652.0,115089.0,115340.0,117752.0,3.0,1.0
55119,20577.0,20314.0,20343.0,20058.0,6.0,0.0
55121,28452.0,29372.0,29649.0,30899.0,6.0,0.0
55123,29431.0,30702.0,30822.0,31170.0,6.0,0.0
55125,21767.0,21684.0,22195.0,23885.0,9.0,0.0
55127,101916.0,102850.0,103868.0,105822.0,4.0,0.0
55129,16003.0,15739.0,15720.0,16930.0,7.0,0.0
55131,130795.0,134930.0,136034.0,138168.0,1.0,1.0
55133,386691.0,400899.0,404198.0,412591.0,1.0,1.0
55135,52593.0,51118.0,50990.0,51388.0,6.0,0.0
55137,24760.0,24193.0,24443.0,24934.0,6.0,0.0
55139,164910.0,170394.0,171907.0,171735.0,3.0,1.0
55141,74519.0,73038.0,72999.0,73939.0,4.0,0.0
56001,34643.0,38459.0,38880.0,38257.0,4.0,0.0
56003,11419.0,11859.0,11790.0,12018.0,9.0,0.0
56005,42846.0,46402.0,46341.0,47498.0,5.0,0.0
56007,15658.0,15252.0,14800.0,14334.0,7.0,0.0
56009,13486.0,13733.0,13822.0,13809.0,6.0,0.0
56011,6823.0,7397.0,7584.0,7592.0,9.0,0.0
56013,38907.0,39818.0,39261.0,39815.0,7.0,0.0
56015,12772.0,13361.0,13211.0,12642.0,7.0,0.0
56017,4698.0,4686.0,4413.0,4661.0,7.0,0.0
56019,8460.0,8447.0,8445.0,8759.0,7.0,0.0
56021,89077.0,98377.0,99500.0,100984.0,3.0,1.0
56023,17629.0,19278.0,19830.0,20880.0,7.0,0.0
56025,73682.0,79586.0,79858.0,79941.0,3.0,1.0
56027,2467.0,2392.0,2356.0,2354.0,9.0,0.0
56029,27594.0,29194.0,29194.0,30735.0,7.0,0.0
56031,8622.0,8541.0,8393.0,8546.0,7.0,0.0
56033,28465.0,30147.0,30485.0,32519.0,7.0,0.0
56035,9474.0,9745.0,9831.0,8969.0,9.0,0.0
56037,42358.0,43464.0,42343.0,41249.0,5.0,0.0
56039,20988.0,23384.0,23464.0,23232.0,7.0,0.0
56041,20613.0,20431.0,20226.0,20745.0,7.0,0.0
56043,8229.0,8010.0,7805.0,7710.0,7.0,0.0
56045,7133.0,6968.0,6927.0,6808.0,7.0,0.0
60010,,,,,5.0,0.0
60020,,,,,9.0,0.0
60040,,,,,9.0,0.0
60050,,,,,5.0,0.0
66010,,,,,5.0,0.0
69100,,,,,9.0,0.0
69110,,,,,5.0,0.0
69120,,,,,7.0,0.0
72001,,,,,6.0,0.0
72003,,,,,2.0,1.0
72005,,,,,2.0,1.0
72007,,,,,1.0,1.0
72009,,,,,1.0,1.0
72011,,,,,2.0,1.0
72013,,,,,3.0,1.0
72015,,,,,3.0,1.0
72017,,,,,1.0,1.0
72019,,,,,1.0,1.0
72021,,,,,1.0,1.0
72023,,,,,3.0,1.0
72025,,,,,1.0,1.0
72027,,,,,3.0,1.0
72029,,,,,1.0,1.0
72031,,,,,1.0,1.0
72033,,,,,1.0,1.0
72035,,,,,1.0,1.0
72037,,,,,1.0,1.0
72039,,,,,1.0,1.0
72041,,,,,1.0,1.0
72043,,,,,4.0,0.0
72045,,,,,1.0,1.0
72047,,,,,1.0,1.0
72049,,,,,9.0,0.0
72051,,,,,1.0,1.0
72053,,,,,1.0,1.0
72054,,,,,1.0,1.0
72055,,,,,2.0,1.0
72057,,,,,3.0,1.0
72059,,,,,2.0,1.0
72061,,,,,1.0,1.0
72063,,,,,1.0,1.0
72065,,,,,3.0,1.0
72067,,,,,3.0,1.0
72069,,,,,1.0,1.0
72071,,,,,2.0,1.0
72073,,,,,6.0,0.0
72075,,,,,2.0,1.0
72077,,,,,1.0,1.0
72079,,,,,3.0,1.0
72081,,,,,2.0,1.0
72083,,,,,6.0,0.0
72085,,,,,1.0,1.0
72087,,,,,1.0,1.0
72089,,,,,1.0,1.0
72091,,,,,1.0,1.0
72093,,,,,6.0,0.0
72095,,,,,1.0,1.0
72097,,,,,3.0,1.0
72099,,,,,2.0,1.0
72101,,,,,1.0,1.0
72103,,,,,1.0,1.0
72105,,,,,1.0,1.0
72107,,,,,1.0,1.0
72109,,,,,3.0,1.0
72111,,,,,2.0,1.0
72113,,,,,2.0,1.0
72115,,,,,3.0,1.0
72117,,,,,2.0,1.0
72119,,,,,1.0,1.0
72121,,,,,3.0,1.0
72123,,,,,4.0,0.0
72125,,,,,3.0,1.0
72127,,,,,1.0,1.0
72129,,,,,1.0,1.0
72131,,,,,2.0,1.0
72133,,,,,4.0,0.0
72135,,,,,1.0,1.0
72137,,,,,1.0,1.0
72139,,,,,1.0,1.0
72141,,,,,2.0,1.0
72143,,,,,1.0,1.0
72145,,,,,1.0,1.0
72147,,,,,7.0,0.0
72149,,,,,2.0,1.0
72151,,,,,1.0,1.0
72153,,,,,2.0,1.0
78010,,,,,5.0,0.0
78020,,,,,7.0,0.0
78030,,,,,5.0,0.0
